year,station_code,channel id,start,duration [s],f_min [Hz],f_max [Hz],windows,gain [dB],phase [°],normalized error,temperature [°C],f_max [Hz] ,gain,delta_t,findpeaks_calib,sensor_model,sensor_id,Kg,Rg,CDR,Rd,Km,M,Rm,f0,lambda_x,preamp_model,preamp_id,Kp,Kc,Rp,digitizer_model,digitizer_id,Si,Kd,So,Rc,Sg,lambda0,Sd,kappa_g,kappa_c,NCALPER,NCALIB0,gain0,NCALIB,gain_expected,findpeaks_room,gain_room,findpeaks_deviation,findpeaks_room_deviation,gain_deviation,gain_room_deviation,findpeaks_drift,findpeaks_room_drift,gain_drift,gain_room_drift
2015,YKAB0,.3292..HHZ,2015-11-23 21:00:05,218.975,0.2,20.0,86.0,-10.8,-72.5,1e-06,-18.4,20.0,0.288403150313,-18.4,0.003569,S-13,2340,618.3,3754,6132,6132,0.1975,5.0,23.0,1,0.0075,MAN-ELP-0110,G18331,40.0,8.692,200.0,CMG-DM24,A3292,2.868e-06,2.0,4.24e-07,25.6557754257,383.513615213,0.620271090431,697350.069735,-0.00169233461461,-0.00229767093748,0.25,0.00371936254901,0.277862266365,0.0036801049763,0.280826366084,0.003715443208,0.276569392249,3.01907084202,-0.960250643187,2.69803164635,-1.51587398816,0.0,0.0,0.0,0.0
2015,YKAB1,.3085..HHZ,2015-11-23 19:25:59,287.375,0.2,20.0,113.0,-10.83,-72.3,1.6e-05,-19.8,20.0,0.287408759362,-19.8,0.003565,S-13,2338,605.92,3729,5971,5971,0.1975,5.0,23.0,1,0.0212,MAN-ELP-0110,G18317,40.0,8.692,200.0,CMG-DM24,A3085,2.87e-06,2.0,4.24e-07,25.6557754257,372.984362887,0.615567010309,696864.111498,-0.00171082164948,-0.00231615797235,0.25,0.00382702611125,0.270045324296,0.00378380856865,0.273129702138,0.00372240901,0.274718513001,5.78276000705,1.6226919924,5.22794010024,0.581705633052,0.0,0.0,0.0,0.0
2015,YKAB2,.3087..HHZ,2015-11-23 19:36:11,287.575,0.2,20.0,114.0,-10.7,-72.2,2e-05,-19.8,20.0,0.2917427014,-19.8,0.003521,S-13,2342,613.32,3831,6158,6158,0.1975,5.0,23.0,1,0.0275,MAN-ELP-0110,G18338,40.0,8.692,200.0,CMG-DM24,A3087,2.87e-06,2.0,4.24e-07,25.6557754257,378.098364201,0.616478125939,696864.111498,-0.00170724096506,-0.00231257728793,0.25,0.00377526334681,0.273747924943,0.00373316830919,0.276834694208,0.003676466234,0.278861094162,5.68333093016,1.51887272405,5.38516577004,0.731989160632,0.0,0.0,0.0,0.0
2015,YKAB3,.3080..HHZ,2015-11-23 19:48:33,292.975,0.2,20.0,116.0,-10.94,-72.4,1.3e-05,-19.8,20.0,0.283791902844,-19.8,0.00365,S-13,2343,607.6,3764,5910,5910,0.1975,5.0,23.0,1,0.0055,MAN-ELP-0110,G18318,40.0,8.692,200.0,CMG-DM24,A3080,2.87e-06,2.0,4.24e-07,25.6557754257,371.192474674,0.610915856936,696864.111498,-0.00172910068224,-0.00233443700511,0.25,0.00384550063173,0.268747974912,0.00379928943596,0.27201678754,0.0038111621,0.271261355166,3.92940412867,-0.312496961433,4.32881933908,-0.27771535002,0.0,0.0,0.0,0.0
2015,YKAB4,.3180..HHZ,2015-11-23 23:29:52,288.975,0.2,20.0,114.0,-10.69,-72.3,1.4e-05,-18.9,20.0,0.292078776021,-18.9,0.003534,S-13,831,619.12,3646,6239,6239,0.1975,5.0,23.0,1,0.0195,MAN-ELP-0110,G18326,40.0,8.692,200.0,CMG-DM24,A3180,2.869e-06,2.0,4.24e-07,25.6557754257,390.762739504,0.631158320688,697107.005925,-0.0016495477997,-0.00225488412257,0.25,0.00365163663882,0.283015702142,0.00361940008876,0.28553640989,0.003682947498,0.279768531848,2.35950949521,-1.75574425809,2.29125460147,-2.02001490622,0.0,0.0,0.0,0.0
2015,YKAB6,.3036..HHZ,2015-11-23 20:12:49,292.975,0.2,20.0,116.0,-10.55,-72.0,1.5e-05,-19.1,20.0,0.296824674346,-19.1,0.003461,S-13,2345,620.79,3746,6277,6277,0.1975,5.0,23.0,1,0.0226,MAN-ELP-0110,G18335,40.0,8.692,200.0,CMG-DM24,A3036,2.869e-06,2.0,4.24e-07,25.6557754257,388.775698893,0.626259602913,697107.005925,-0.00166879976055,-0.00227413608342,0.25,0.00367030022896,0.281576558546,0.00363503333692,0.284308398717,0.003608414373,0.284182020992,4.7876682492,0.732289402934,4.40235873647,-0.0444509291925,0.0,0.0,0.0,0.0
2015,YKAB7,.3086..HHZ,2015-11-23 20:25:08,288.975,0.2,20.0,114.0,-10.04,107.9,1.6e-05,-19.1,20.0,0.31477483141,-19.1,0.003269,S-13,2347,639.15,3957,6665,6665,0.1975,5.0,23.0,1,0.0242,MAN-ELP-0110,G18337,40.0,8.692,200.0,CMG-DM24,A3086,2.869e-06,2.0,4.24e-07,25.6557754257,401.048272453,0.62747128601,697107.005925,-0.00166403784598,-0.00226937416885,0.25,0.0035579844988,0.290465151732,0.003524484946,0.293225967236,0.003408236517,0.301367627016,7.24885905082,3.29830970437,7.34889354336,2.77658212067,0.0,0.0,0.0,0.0
2015,YKAB8,.3028..HHZ,2015-11-23 20:36:14,287.975,0.2,20.0,114.0,-10.6,-71.9,1.4e-05,-19.1,20.0,0.295120922667,-19.1,0.003481,S-13,2493,621.46,3761,6296,6296,0.1975,5.0,23.0,1,0.0234,MAN-ELP-0110,G18336,40.0,8.692,200.0,CMG-DM24,A4549,2.873e-06,2.0,4.24e-07,25.6557754257,389.053610421,0.626031619767,696136.442743,-0.00166969573431,-0.00227503205718,0.25,0.00367279196279,0.281385528441,0.00363737257517,0.28412555655,0.003629266233,0.282550837207,4.29905300986,0.222862574709,3.86989690394,-0.554233614886,0.0,0.0,0.0,0.0
2015,YKAB9,.3072..HHZ,2015-11-23 20:47:25,287.375,0.2,20.0,113.0,-10.93,-72.3,1.4e-05,-19.1,20.0,0.284118818498,-19.1,0.003611,S-13,2348,601.74,3754,5886,5886,0.1975,5.0,23.0,1,0.0207,MAN-ELP-0110,G18320,40.0,8.692,200.0,CMG-DM24,A3072,2.865e-06,2.0,4.24e-07,25.6557754257,367.410958506,0.610580912863,698080.279232,-0.00173041701245,-0.00233575333532,0.25,0.00387831137553,0.266474351137,0.00383150591086,0.269729587098,0.003764803323,0.272017345662,5.75507166094,1.74089742819,5.33468780891,0.848167451064,0.0,0.0,0.0,0.0
2015,YKAR1,.3079..HHZ,2015-11-23 16:28:19,287.975,0.2,20.0,114.0,-10.37,-72.4,9.5e-06,-23.9,20.0,0.303040029779,-23.9,0.003418,S-13,1192,619.2,3774,6249,6249,0.1975,5.0,23.0,1,0.0233,MAN-ELP-0110,G18321,40.0,8.692,200.0,CMG-DM24,A3079,2.867e-06,2.0,4.24e-07,25.6557754257,386.050164621,0.623466028135,697593.303104,-0.00167977850943,-0.0022851148323,0.25,0.00369363608396,0.279797598846,0.00365651575297,0.282638056862,0.003600169146,0.286888905312,6.52303364951,1.54099177393,7.21840970171,1.50399011984,0.0,0.0,0.0,0.0
2015,YKAR2,.3076..HHZ,2015-11-23 17:05:05,287.675,0.2,20.0,114.0,-10.32,-72.0,8.9e-06,-22.7,20.0,0.304789498963,-22.7,0.003375,S-13,832,628.26,3591,6355,6355,0.1975,5.0,23.0,1,0.0112,MAN-ELP-0110,G18332,40.0,8.692,200.0,CMG-DM24,A3076,2.867e-06,2.0,4.24e-07,25.6557754257,401.426935451,0.638950331792,697593.303104,-0.00161892519606,-0.00222426151893,0.25,0.0035521503226,0.290942221878,0.00352524020478,0.293163145564,0.003545845875,0.289360749736,4.26184305335,-0.584518189442,3.96583048546,-1.29702381955,0.0,0.0,0.0,0.0
2015,YKAR3,.3073..HHZ,2015-11-23 17:28:49,154.0,0.2,20.0,60.0,-11.63,-72.6,1.1e-06,-22.7,20.0,0.262119903864,-22.7,0.003827,S-13,822,619.92,3790,6255,6255,0.1975,5.0,23.0,1,0.0219,MAN-ELP-0110,G18334,40.0,8.692,200.0,CMG-DM24,A3073,2.867e-06,2.0,4.24e-07,25.6557754257,386.022857143,0.622697859632,697593.303104,-0.00168279741165,-0.00228813373452,0.25,0.0036938973739,0.279777807203,0.0036563194702,0.282653229764,0.004020726567,0.24885113221,-4.66809673475,-9.96650045955,-7.26449364046,-11.9588577079,0.0,0.0,0.0,0.0
2015,YKAR4,.3081..HHZ,2015-11-23 17:57:07,167.675,0.2,20.0,66.0,-10.43,107.6,1.9e-05,-22.7,20.0,0.300953916887,-22.7,0.00341,S-13,2474,626.6,3619,6407,6407,0.1975,5.0,23.0,1,0.0244,MAN-ELP-0110,G18333,40.0,8.692,200.0,CMG-DM24,A3081,2.864e-06,2.0,4.24e-07,25.6557754257,400.421524038,0.6390384999,698324.022346,-0.00161857869539,-0.00222391501826,0.25,0.00355734308763,0.290517524412,0.00353044344879,0.292731075371,0.00358261761,0.285719328661,3.41156714559,-1.47783591394,2.8090087483,-2.39528608355,0.0,0.0,0.0,0.0
2015,YKAR5,.3077..HHZ,2015-11-23 18:15:49,288.375,0.2,20.0,114.0,-10.81,107.6,1.6e-05,-21.0,20.0,0.288071304978,-21.0,0.003557,S-13,2349,615.83,3762,6164,6164,0.1975,5.0,23.0,1,0.0205,MAN-ELP-0110,G18325,40.0,8.692,200.0,CMG-DM24,A3077,2.869e-06,2.0,4.24e-07,25.6557754257,382.427576063,0.620995365706,697107.005925,-0.00168948821277,-0.00229482453564,0.25,0.00373122553386,0.276978836557,0.00369226557105,0.279901455466,0.00372357431,0.274580925765,3.66348434167,-0.84795468661,2.91883066427,-1.90085817574,0.0,0.0,0.0,0.0
2015,YKAR6,.3038..HHZ,2015-11-23 18:35:51,292.975,0.2,20.0,116.0,-10.5,-72.3,1.4e-05,-21.0,20.0,0.298538261892,-21.0,0.003388,S-13,2350,616.95,3661,6211,6211,0.1975,5.0,23.0,1,0.0244,MAN-ELP-0110,G18324,40.0,8.692,200.0,CMG-DM24,A3038,2.875e-06,2.0,4.24e-07,25.6557754257,388.156042342,0.629153160454,695652.173913,-0.00165742807942,-0.00226276440229,0.25,0.00368384756608,0.280541061693,0.00365014897548,0.28313104869,0.00354666004,0.284557715087,7.18187058229,2.83519758166,5.44172505035,0.503889066238,0.0,0.0,0.0,0.0
2015,YKAR7,.3074..HHZ,2015-11-23 18:52:26,292.375,0.2,20.0,115.0,-10.37,-71.9,1e-05,-21.0,20.0,0.303040029779,-21.0,0.003397,S-13,2911,618.86,3577,6252,6252,0.1975,5.0,23.0,1,0.0248,MAN-ELP-0110,G18329,40.0,8.692,200.0,CMG-DM24,A3074,2.866e-06,2.0,4.24e-07,25.6557754257,393.642559772,0.636076915251,697836.706211,-0.00163021772306,-0.00223555404593,0.25,0.00362113146478,0.285399886017,0.00359202015938,0.287712891756,0.00355608151,0.288848665184,5.42926127168,1.00051357703,5.32723366317,0.394759310728,0.0,0.0,0.0,0.0
2015,YKAR8,.2165..HHZ,2015-11-23 19:03:02,292.375,0.2,20.0,115.0,-11.29,-72.6,1.3e-05,-19.8,20.0,0.272583773893,-19.8,0.003788,S-13,1466,600.25,3720,5860,5860,0.1975,5.0,23.0,1,0.0211,MAN-ELP-0110,G18330,40.0,8.692,200.0,CMG-DM24,A2165,2.865e-06,2.0,4.24e-07,25.6557754257,367.167536534,0.611691022965,698080.279232,-0.00172605427975,-0.00233139060262,0.25,0.00388088258924,0.266297803022,0.00383471709759,0.26950371592,0.003955255352,0.26054810994,1.21826712127,-3.14334151226,1.14286289623,-3.32299907209,0.0,0.0,0.0,0.0
2015,YKAR9,.3291..HHZ,2015-11-23 19:13:41,292.975,0.2,20.0,116.0,-10.7,-72.1,1.6e-05,-19.8,20.0,0.2917427014,-19.8,0.003515,S-13,954,609.74,3688,6046,6046,0.1975,5.0,23.0,1,0.021,MAN-ELP-0110,G18322,40.0,8.692,200.0,CMG-DM24,A3291,2.866e-06,2.0,4.24e-07,25.6557754257,378.722831313,0.62112184097,697836.706211,-0.00168899116499,-0.00229432748786,0.25,0.00376378538924,0.274582740625,0.0037245646297,0.277474177535,0.00367020131,0.278861094162,5.62655371939,1.45958857232,5.14228891212,0.499836287492,0.0,0.0,0.0,0.0
2016,YKAB0,.3292..HHZ,2016-11-14 20:53:46,286.975,0.2,20.0,113.0,-11.1,-73.7,1.5e-05,-4.0,20.0,0.278612116863,-4.0,0.0037163,S-13,2340,618.3,3754,6132,6132,0.1975,5.0,23.0,1,0.0075,MAN-ELP-0110,G18331,40.0,8.692,200.0,CMG-DM24,A3292,2.868e-06,2.0,4.24e-07,25.6557754257,383.513615213,0.620271090431,697350.069735,-0.00169233461461,-0.00229767093748,0.25,0.00371936254901,0.277862266365,0.0036801049763,0.280826366084,0.003749449396,0.276126896781,-0.983532370353,-1.8843054791,-0.788476257515,-1.6734430493,-4.00260321238,-0.924054835909,-3.48650790387,-0.15756906114
2016,YKAB1,.3085..HHZ,2016-11-14 19:38:43,292.975,0.2,20.0,116.0,-11.06,107.3,1.6e-05,-4.4,20.0,0.279898131963,-4.4,0.0036737,S-13,2338,605.92,3729,5971,5971,0.1975,5.0,23.0,1,0.0212,MAN-ELP-0110,G18317,40.0,8.692,200.0,CMG-DM24,A3085,2.87e-06,2.0,4.24e-07,25.6557754257,372.984362887,0.615567010309,696864.111498,-0.00171082164948,-0.00231615797235,0.25,0.00382702611125,0.270045324296,0.00378380856865,0.273129702138,0.0037097463444,0.277151771493,2.90999311021,1.9573459626,2.47810098011,1.4725858533,-2.87276689684,0.334653970206,-2.74983912013,0.890880220244
2016,YKAB2,.3087..HHZ,2016-11-14 19:46:30,293.375,0.2,20.0,116.0,-10.95,107.4,1.9e-05,-4.4,20.0,0.283465363349,-4.4,0.0036528,S-13,2342,613.32,3831,6158,6158,0.1975,5.0,23.0,1,0.0275,MAN-ELP-0110,G18338,40.0,8.692,200.0,CMG-DM24,A3087,2.87e-06,2.0,4.24e-07,25.6557754257,378.098364201,0.616478125939,696864.111498,-0.00170724096506,-0.00231257728793,0.25,0.00377526334681,0.273747924943,0.00373316830919,0.276834694208,0.0036886412736,0.280684001204,2.1528177284,1.19274117595,2.39517274376,1.3904713088,-3.53051320176,-0.326131548101,-2.98999302628,0.658482148166
2016,YKAB3,.3080..HHZ,2016-11-14 20:00:05,159.975,0.2,20.0,63.0,-11.07,107.4,2.6e-06,-4.0,20.0,0.279576072758,-4.0,0.0036803,S-13,2343,607.6,3764,5910,5910,0.1975,5.0,23.0,1,0.0055,MAN-ELP-0110,G18318,40.0,8.692,200.0,CMG-DM24,A3080,2.87e-06,2.0,4.24e-07,25.6557754257,371.192474674,0.610915856936,696864.111498,-0.00172910068224,-0.00233443700511,0.25,0.00384550063173,0.268747974912,0.00379928943596,0.27201678754,0.003713128276,0.277082254189,3.13188657938,2.26782300767,2.77897746196,1.862188983,-0.797517549288,2.5803199691,-1.54984187712,2.13990433302
2016,YKAB4,.3180..HHZ,2016-11-14 20:06:34,288.475,0.2,20.0,114.0,-10.78,107.5,1.2e-05,-4.0,20.0,0.289067988237,-4.0,0.0035802,S-13,831,619.12,3646,6239,6239,0.1975,5.0,23.0,1,0.0195,MAN-ELP-0110,G18326,40.0,8.692,200.0,CMG-DM24,A3180,2.869e-06,2.0,4.24e-07,25.6557754257,390.762739504,0.631158320688,697107.005925,-0.0016495477997,-0.00225488412257,0.25,0.00365163663882,0.283015702142,0.00361940008876,0.28553640989,0.003612135384,0.286489501781,1.08305486552,0.200715714923,1.23682242404,0.333789968017,-1.27645462969,1.95645997302,-1.05443217743,2.35380487423
2016,YKAB6,.3036..HHZ,2016-11-14 20:15:36,288.975,0.2,20.0,114.0,-10.77,-72.4,1.4e-05,-4.0,20.0,0.289400981707,-4.0,0.0035826,S-13,2345,620.79,3746,6277,6277,0.1975,5.0,23.0,1,0.0226,MAN-ELP-0110,G18335,40.0,8.692,200.0,CMG-DM24,A3036,2.869e-06,2.0,4.24e-07,25.6557754257,388.775698893,0.626259602913,697107.005925,-0.00166879976055,-0.00227413608342,0.25,0.00367030022896,0.281576558546,0.00363503333692,0.284308398717,0.003614556792,0.28681952495,1.44244445812,0.563311062691,1.79121792131,0.883240257453,-3.34522379107,-0.168978340243,-2.61114081516,0.927691186646
2016,YKAB7,.3086..HHZ,2016-11-14 20:23:37,288.975,0.2,20.0,114.0,-10.27,107.5,1.5e-05,-4.0,20.0,0.306549067943,-4.0,0.0033768,S-13,2347,639.15,3957,6665,6665,0.1975,5.0,23.0,1,0.0242,MAN-ELP-0110,G18337,40.0,8.692,200.0,CMG-DM24,A3086,2.869e-06,2.0,4.24e-07,25.6557754257,401.048272453,0.62747128601,697107.005925,-0.00166403784598,-0.00226937416885,0.25,0.0035579844988,0.290465151732,0.003524484946,0.293225967236,0.003406921056,0.303814650257,4.19025611588,3.33563320043,4.54362921255,3.61110003997,-3.05860293494,0.0373234960612,-2.80526433081,0.834517919308
2016,YKAB8,.4549..HHZ,2016-11-14 20:31:12,287.775,0.2,20.0,114.0,-10.84,-72.3,1.5e-05,-4.0,20.0,0.287078058202,-4.0,0.0035806,S-13,2493,621.46,3761,6296,6296,0.1975,5.0,23.0,1,0.0234,MAN-ELP-0110,G18336,40.0,8.692,200.0,CMG-DM24,A4549,2.873e-06,2.0,4.24e-07,25.6557754257,389.053610421,0.626031619767,696136.442743,-0.00166969573431,-0.00227503205718,0.25,0.00367279196279,0.281385528441,0.00363737257517,0.28412555655,0.003612538952,0.284517321923,1.560812757,0.682735206789,1.03915384731,0.137884594992,-2.73824025286,0.45987263208,-2.83074305663,0.692118209879
2016,YKAB9,.3072..HHZ,2016-11-14 20:45:14,288.525,0.2,20.0,114.0,-11.12,107.3,1.3e-05,-4.0,20.0,0.277971326776,-4.0,0.0036907,S-13,2348,601.74,3754,5886,5886,0.1975,5.0,23.0,1,0.0207,MAN-ELP-0110,G18320,40.0,8.692,200.0,CMG-DM24,A3072,2.865e-06,2.0,4.24e-07,25.6557754257,367.410958506,0.610580912863,698080.279232,-0.00173041701245,-0.00233575333532,0.25,0.00387831137553,0.266474351137,0.00383150591086,0.269729587098,0.003723621044,0.275491822541,3.67494959264,2.815730143,3.05555640604,2.1363008429,-2.0801220683,1.07483271481,-2.27913140287,1.28813339183
2016,YKAR1,.3079..HHZ,2016-11-14 16:50:43,288.375,0.2,20.0,114.0,-10.56,-72.7,1.1e-05,-4.5,20.0,0.296483138952,-4.5,0.0034643,S-13,1192,619.2,3774,6249,6249,0.1975,5.0,23.0,1,0.0233,MAN-ELP-0110,G18321,40.0,8.692,200.0,CMG-DM24,A3079,2.867e-06,2.0,4.24e-07,25.6557754257,386.050164621,0.623466028135,697593.303104,-0.00167977850943,-0.0022851148323,0.25,0.00369363608396,0.279797598846,0.00365651575297,0.282638056862,0.0034990642505,0.293507930653,5.25680089877,4.30605289579,4.89852012307,3.84586347364,-1.26623275074,2.76506112186,-2.31988957864,2.3418733538
2016,YKAR2,.3076..HHZ,2016-11-14 18:07:27,293.975,0.2,20.0,116.0,-10.51,-72.3,1.2e-05,-4.5,20.0,0.298194754793,-4.5,0.0034509,S-13,832,628.26,3591,6355,6355,0.1975,5.0,23.0,1,0.0112,MAN-ELP-0110,G18332,40.0,8.692,200.0,CMG-DM24,A3076,2.867e-06,2.0,4.24e-07,25.6557754257,401.426935451,0.638950331792,697593.303104,-0.00161892519606,-0.00222426151893,0.25,0.0035521503226,0.290942221878,0.00352524020478,0.293163145564,0.0034855297815,0.295202370428,2.10879827935,1.12646007009,1.71631711039,0.695593868184,-2.153044774,1.71097825953,-2.24951337507,1.99261768773
2016,YKAR3,.3073..HHZ,2016-11-14 18:12:24,291.975,0.2,20.0,115.0,-11.81,-72.9,1e-05,-4.5,20.0,0.256743820811,-4.5,0.0039497,S-13,822,619.92,3790,6255,6255,0.1975,5.0,23.0,1,0.0219,MAN-ELP-0110,G18334,40.0,8.692,200.0,CMG-DM24,A3073,2.867e-06,2.0,4.24e-07,25.6557754257,386.022857143,0.622697859632,697593.303104,-0.00168279741165,-0.00228813373452,0.25,0.0036938973739,0.279777807203,0.0036563194702,0.282653229764,0.0039893352395,0.254167396569,-8.02393040847,-9.10795055012,-9.16650022903,-10.0780143992,-3.35583367373,0.858549909434,-1.90200658857,1.88084330866
2016,YKAR4,.3081..HHZ,2016-11-14 18:20:22,292.375,0.2,20.0,115.0,-10.64,-72.8,1.3e-05,-4.5,20.0,0.293764965196,-4.5,0.0035156,S-13,2474,626.6,3619,6407,6407,0.1975,5.0,23.0,1,0.0244,MAN-ELP-0110,G18333,40.0,8.692,200.0,CMG-DM24,A3081,2.864e-06,2.0,4.24e-07,25.6557754257,400.421524038,0.6390384999,698324.022346,-0.00161857869539,-0.00222391501826,0.25,0.00355734308763,0.290517524412,0.00353044344879,0.292731075371,0.003550879046,0.29081703377,0.420441483,-0.578839386718,0.353187588197,-0.653856649251,-2.99112566259,0.898996527217,-2.4558211601,1.7414294343
2016,YKAR5,.3077..HHZ,2016-11-14 18:37:16,293.375,0.2,20.0,116.0,-11.01,107.2,1.8e-05,-4.5,20.0,0.281514001513,-4.5,0.003651,S-13,2349,615.83,3762,6164,6164,0.1975,5.0,23.0,1,0.0205,MAN-ELP-0110,G18325,40.0,8.692,200.0,CMG-DM24,A3077,2.869e-06,2.0,4.24e-07,25.6557754257,382.427576063,0.620995365706,697107.005925,-0.00168948821277,-0.00229482453564,0.25,0.00373122553386,0.276978836557,0.00369226557105,0.279901455466,0.003687637785,0.278689008508,1.11762196554,0.125337301967,0.576112062371,-0.433169222175,-2.54586237613,0.973291988577,-2.3427186019,1.46768895356
2016,YKAR6,.3038..HHZ,2016-11-14 18:50:56,287.975,0.2,20.0,114.0,-10.71,-72.5,1.5e-05,-4.5,20.0,0.291407013477,-4.5,0.0035116,S-13,2350,616.95,3661,6211,6211,0.1975,5.0,23.0,1,0.0244,MAN-ELP-0110,G18324,40.0,8.692,200.0,CMG-DM24,A3038,2.875e-06,2.0,4.24e-07,25.6557754257,388.156042342,0.629153160454,695652.173913,-0.00165742807942,-0.00226276440229,0.25,0.00368384756608,0.280541061693,0.00365014897548,0.28313104869,0.003546838906,0.288482744097,3.79570741936,2.83029734331,2.92301562313,1.89018316136,-3.38616316294,-0.00490023835196,-2.51870942721,1.38629409512
2016,YKAR7,.3074..HHZ,2016-11-14 19:09:21,292.975,0.2,20.0,116.0,-10.58,-72.5,1.1e-05,-4.4,20.0,0.295801246655,-4.4,0.0034639,S-13,2911,618.86,3577,6252,6252,0.1975,5.0,23.0,1,0.0248,MAN-ELP-0110,G18329,40.0,8.692,200.0,CMG-DM24,A3074,2.866e-06,2.0,4.24e-07,25.6557754257,393.642559772,0.636076915251,697836.706211,-0.00163021772306,-0.00223555404593,0.25,0.00362113146478,0.285399886017,0.00359202015938,0.287712891756,0.0034978877868,0.292898844823,3.56679956402,2.62059700134,2.81125911664,1.80247504219,-1.86246170766,1.62008342431,-2.51597454654,1.40771573146
2016,YKAR8,.2165..HHZ,2016-11-14 19:20:35,292.975,0.2,20.0,116.0,-11.41,107.1,1.4e-05,-4.4,20.0,0.268843784306,-4.4,0.0038004,S-13,1466,600.25,3720,5860,5860,0.1975,5.0,23.0,1,0.0211,MAN-ELP-0110,G18330,40.0,8.692,200.0,CMG-DM24,A2165,2.865e-06,2.0,4.24e-07,25.6557754257,367.167536534,0.611691022965,698080.279232,-0.00172605427975,-0.00233139060262,0.25,0.00388088258924,0.266297803022,0.00383471709759,0.26950371592,0.0038376895248,0.266205889095,0.894905588087,-0.077513598283,-0.244869207436,-1.22366655077,-0.323361533183,3.06582791398,-1.38773210367,2.09933252132
2016,YKAR9,.3291..HHZ,2016-11-14 19:28:48,293.975,0.2,20.0,116.0,-10.91,-72.5,1.6e-05,-4.4,20.0,0.284773780017,-4.4,0.0036026,S-13,954,609.74,3688,6046,6046,0.1975,5.0,23.0,1,0.021,MAN-ELP-0110,G18322,40.0,8.692,200.0,CMG-DM24,A3291,2.866e-06,2.0,4.24e-07,25.6557754257,378.722831313,0.62112184097,697836.706211,-0.00168899116499,-0.00229432748786,0.25,0.00376378538924,0.274582740625,0.0037245646297,0.277474177535,0.0036379487112,0.281979579688,3.27460097567,2.32553136044,2.63073218109,1.62371943693,-2.35195274372,0.865942788126,-2.51155673103,1.12388314944
2017,YKAB0,.3292..HHZ,2017-10-10 21:33:52,292.975,0.2,20.0,116.0,-11.13,-73.3,1.5e-05,0.0,20.0,0.277651484611,0.0,0.0037525,S-13,2340,618.3,3754,6132,6132,0.1975,5.0,23.0,1,0.0075,MAN-ELP-0110,G18331,40.0,8.692,200.0,CMG-DM24,A3292,2.868e-06,2.0,4.24e-07,25.6557754257,383.513615213,0.620271090431,697350.069735,-0.00169233461461,-0.00229767093748,0.25,0.00371936254901,0.277862266365,0.0036801049763,0.280826366084,0.0037525,0.277651484611,-1.96719996226,-1.96719996226,-1.13054964109,-1.13054964109,-4.98627080428,-1.00694931907,-3.82858128744,0.385324347072
2017,YKAB1,.3085..HHZ,2017-10-10 21:19:03,292.425,0.2,20.0,115.0,-11.15,107.2,1.7e-05,0.0,20.0,0.277012903916,0.0,0.0036899,S-13,2338,605.92,3729,5971,5971,0.1975,5.0,23.0,1,0.0212,MAN-ELP-0110,G18317,40.0,8.692,200.0,CMG-DM24,A3085,2.87e-06,2.0,4.24e-07,25.6557754257,372.984362887,0.615567010309,696864.111498,-0.00171082164948,-0.00231615797235,0.25,0.00382702611125,0.270045324296,0.00378380856865,0.273129702138,0.0036899,0.277012903916,2.4818530575,2.4818530575,1.42174276477,1.42174276477,-3.30090694954,0.859161065106,-3.80619733546,0.840037131722
2017,YKAB2,.3087..HHZ,2017-10-10 21:22:11,293.525,0.2,20.0,116.0,-11.04,-72.7,1.9e-05,0.0,20.0,0.280543363795,0.0,0.0037008,S-13,2342,613.32,3831,6158,6158,0.1975,5.0,23.0,1,0.0275,MAN-ELP-0110,G18338,40.0,8.692,200.0,CMG-DM24,A3087,2.87e-06,2.0,4.24e-07,25.6557754257,378.098364201,0.616478125939,696864.111498,-0.00170724096506,-0.00231257728793,0.25,0.00377526334681,0.273747924943,0.00373316830919,0.276834694208,0.0037008,0.280543363795,0.867046607881,0.867046607881,1.33966936397,1.33966936397,-4.81628432228,-0.651826116173,-4.04549640607,0.607680203339
2017,YKAB3,.3080..HHZ,2017-10-10 21:24:06,291.975,0.2,20.0,115.0,-11.15,-72.8,1.5e-05,0.0,20.0,0.277012903916,0.0,0.0037007,S-13,2343,607.6,3764,5910,5910,0.1975,5.0,23.0,1,0.0055,MAN-ELP-0110,G18318,40.0,8.692,200.0,CMG-DM24,A3080,2.87e-06,2.0,4.24e-07,25.6557754257,371.192474674,0.610915856936,696864.111498,-0.00172910068224,-0.00233443700511,0.25,0.00384550063173,0.268747974912,0.00379928943596,0.27201678754,0.0037007,0.277012903916,2.59494407095,2.59494407095,1.83669413273,1.83669413273,-1.33446005772,2.90744103238,-2.49212520635,2.11440948275
2017,YKAB4,.3180..HHZ,2017-10-10 20:45:01,292.525,0.2,20.0,116.0,-10.84,-72.6,1.4e-05,-0.2,20.0,0.287078058202,-0.2,0.0035677,S-13,831,619.12,3646,6239,6239,0.1975,5.0,23.0,1,0.0195,MAN-ELP-0110,G18326,40.0,8.692,200.0,CMG-DM24,A3180,2.869e-06,2.0,4.24e-07,25.6557754257,390.762739504,0.631158320688,697107.005925,-0.0016495477997,-0.00225488412257,0.25,0.00365163663882,0.283015702142,0.00361940008876,0.28553640989,0.0035692911942,0.286950021389,1.42841596663,1.38445304015,0.539913040453,0.495072239237,-0.931093528583,3.14019729824,-1.75134156102,2.51508714545
2017,YKAB6,.3036..HHZ,2017-10-10 21:26:03,292.425,0.2,20.0,115.0,-10.87,107.4,1.5e-05,0.0,20.0,0.286088236063,0.0,0.0036157,S-13,2345,620.79,3746,6277,6277,0.1975,5.0,23.0,1,0.0226,MAN-ELP-0110,G18335,40.0,8.692,200.0,CMG-DM24,A3036,2.869e-06,2.0,4.24e-07,25.6557754257,388.775698893,0.626259602913,697107.005925,-0.00166879976055,-0.00227413608342,0.25,0.00367030022896,0.281576558546,0.00363503333692,0.284308398717,0.0036157,0.286088236063,0.531861337364,0.531861337364,0.626023485011,0.626023485011,-4.25580691183,-0.20042806557,-3.77633525146,0.670474414204
2017,YKAB7,.3086..HHZ,2017-10-10 21:27:25,291.975,0.2,20.0,115.0,-10.37,-72.6,1.6e-05,0.0,20.0,0.303040029779,0.0,0.0034207,S-13,2347,639.15,3957,6665,6665,0.1975,5.0,23.0,1,0.0242,MAN-ELP-0110,G18337,40.0,8.692,200.0,CMG-DM24,A3086,2.869e-06,2.0,4.24e-07,25.6557754257,401.048272453,0.62747128601,697107.005925,-0.00166403784598,-0.00226937416885,0.25,0.0035579844988,0.290465151732,0.003524484946,0.293225967236,0.0034207,0.303040029779,2.94468404868,2.94468404868,3.34692818473,3.34692818473,-4.30417500214,-0.35362565569,-4.00196535862,0.570346064067
2017,YKAB8,.4549..HHZ,2017-10-10 21:29:33,292.975,0.2,20.0,116.0,-10.94,-72.5,1.6e-05,0.0,20.0,0.283791902844,0.0,0.0036488,S-13,2493,621.46,3761,6296,6296,0.1975,5.0,23.0,1,0.0234,MAN-ELP-0110,G18336,40.0,8.692,200.0,CMG-DM24,A4549,2.873e-06,2.0,4.24e-07,25.6557754257,389.053610421,0.626031619767,696136.442743,-0.00166969573431,-0.00227503205718,0.25,0.00367279196279,0.281385528441,0.00363737257517,0.28412555655,0.0036488,0.283791902844,-0.314167014542,-0.314167014542,-0.117431782723,-0.117431782723,-4.6132200244,-0.537029589252,-3.98732868667,0.436801832164
2017,YKAB9,.3072..HHZ,2017-10-10 21:31:19,292.375,0.2,20.0,115.0,-11.21,107.2,1.5e-05,0.0,20.0,0.275105960499,0.0,0.0037646,S-13,2348,601.74,3754,5886,5886,0.1975,5.0,23.0,1,0.0207,MAN-ELP-0110,G18320,40.0,8.692,200.0,CMG-DM24,A3072,2.865e-06,2.0,4.24e-07,25.6557754257,367.410958506,0.610580912863,698080.279232,-0.00173041701245,-0.00233575333532,0.25,0.00387831137553,0.266474351137,0.00383150591086,0.269729587098,0.0037646,0.275105960499,1.74620403621,1.74620403621,1.99324570156,1.99324570156,-4.00886762472,0.00530660802126,-3.34144210735,1.14507825049
2017,YKAR1,.3079..HHZ,2017-10-10 20:42:10,291.975,0.2,20.0,115.0,-10.66,-72.8,1.2e-05,-0.2,20.0,0.293089324525,-0.2,0.0034884,S-13,1192,619.2,3774,6249,6249,0.1975,5.0,23.0,1,0.0233,MAN-ELP-0110,G18321,40.0,8.692,200.0,CMG-DM24,A3079,2.867e-06,2.0,4.24e-07,25.6557754257,386.050164621,0.623466028135,697593.303104,-0.00167977850943,-0.0022851148323,0.25,0.00369363608396,0.279797598846,0.00365651575297,0.282638056862,0.0034899558264,0.292958606686,4.59770350584,4.5551540816,3.6977566926,3.65150749311,-1.92533014367,3.01416230767,-3.52065300912,2.14751737327
2017,YKAR2,.3076..HHZ,2017-10-10 21:02:56,292.975,0.2,20.0,116.0,-10.61,-72.5,1.6e-05,0.0,20.0,0.294781347661,0.0,0.0035063,S-13,832,628.26,3591,6355,6355,0.1975,5.0,23.0,1,0.0112,MAN-ELP-0110,G18332,40.0,8.692,200.0,CMG-DM24,A3076,2.867e-06,2.0,4.24e-07,25.6557754257,401.426935451,0.638950331792,697593.303104,-0.00161892519606,-0.00222426151893,0.25,0.0035521503226,0.290942221878,0.00352524020478,0.293163145564,0.0035063,0.294781347661,0.537274162363,0.537274162363,0.55198005658,0.55198005658,-3.72456889099,1.12179235181,-3.41385042888,1.84900387613
2017,YKAR3,.3073..HHZ,2017-10-10 21:05:01,293.375,0.2,20.0,116.0,-11.88,-72.9,1.3e-05,0.0,20.0,0.254683025259,0.0,0.0040484,S-13,822,619.92,3790,6255,6255,0.1975,5.0,23.0,1,0.0219,MAN-ELP-0110,G18334,40.0,8.692,200.0,CMG-DM24,A3073,2.867e-06,2.0,4.24e-07,25.6557754257,386.022857143,0.622697859632,697593.303104,-0.00168279741165,-0.00228813373452,0.25,0.0036938973739,0.279777807203,0.0036563194702,0.282653229764,0.0040484,0.254683025259,-10.7233662976,-10.7233662976,-9.89558991741,-9.89558991741,-6.05526956286,-0.756865838052,-2.63109627695,2.06326779047
2017,YKAR4,.3081..HHZ,2017-10-10 21:09:45,292.975,0.2,20.0,116.0,-10.73,-72.9,1.4e-05,0.0,20.0,0.290736795944,0.0,0.0035433,S-13,2474,626.6,3619,6407,6407,0.1975,5.0,23.0,1,0.0244,MAN-ELP-0110,G18333,40.0,8.692,200.0,CMG-DM24,A3081,2.864e-06,2.0,4.24e-07,25.6557754257,400.421524038,0.6390384999,698324.022346,-0.00161857869539,-0.00222391501826,0.25,0.00355734308763,0.290517524412,0.00353044344879,0.292731075371,0.0035433,0.290736795944,-0.364162502357,-0.364162502357,-0.681266730632,-0.681266730632,-3.77572964795,1.11367341158,-3.49027547893,1.71401935291
2017,YKAR5,.3077..HHZ,2017-10-10 21:11:38,292.375,0.2,20.0,115.0,-11.11,-73.0,2e-05,0.0,20.0,0.278291537385,0.0,0.0036841,S-13,2349,615.83,3762,6164,6164,0.1975,5.0,23.0,1,0.0205,MAN-ELP-0110,G18325,40.0,8.692,200.0,CMG-DM24,A3077,2.869e-06,2.0,4.24e-07,25.6557754257,382.427576063,0.620995365706,697107.005925,-0.00168948821277,-0.00229482453564,0.25,0.00373122553386,0.276978836557,0.00369226557105,0.279901455466,0.0036841,0.278291537385,0.221153405439,0.221153405439,-0.57517317218,-0.57517317218,-3.44233093623,1.06910809205,-3.49400383645,1.32568500356
2017,YKAR6,.3038..HHZ,2017-10-10 21:13:38,292.475,0.2,20.0,116.0,-10.81,107.3,1.6e-05,0.0,20.0,0.288071304978,0.0,0.0036017,S-13,2350,616.95,3661,6211,6211,0.1975,5.0,23.0,1,0.0244,MAN-ELP-0110,G18324,40.0,8.692,200.0,CMG-DM24,A3038,2.875e-06,2.0,4.24e-07,25.6557754257,388.156042342,0.629153160454,695652.173913,-0.00165742807942,-0.00226276440229,0.25,0.00368384756608,0.280541061693,0.00365014897548,0.28313104869,0.0036017,0.288071304978,1.3273150166,1.3273150166,1.74486560567,1.74486560567,-5.85455556569,-1.50788256506,-3.69685944467,1.24097653944
2017,YKAR7,.3074..HHZ,2017-10-11 19:08:25,287.375,0.2,20.0,113.0,-10.54,-73.5,4.2e-05,2.5,20.0,0.297166603174,2.5,0.0035036,S-13,2911,618.86,3577,6252,6252,0.1975,5.0,23.0,1,0.0248,MAN-ELP-0110,G18329,40.0,8.692,200.0,CMG-DM24,A3074,2.866e-06,2.0,4.24e-07,25.6557754257,393.642559772,0.636076915251,697836.706211,-0.00163021772306,-0.00223555404593,0.25,0.00362113146478,0.285399886017,0.00359202015938,0.287712891756,0.00348406743,0.298823306986,2.46157191388,3.00534865046,3.28581432698,3.86163274185,-2.9676893578,2.00483507343,-2.0414193362,3.46687343112
2017,YKAR8,.2165..HHZ,2017-10-10 20:46:02,292.775,0.2,20.0,116.0,-11.49,-73.0,1.4e-05,-0.2,20.0,0.266379009677,-0.2,0.0038522,S-13,1466,600.25,3720,5860,5860,0.1975,5.0,23.0,1,0.0211,MAN-ELP-0110,G18330,40.0,8.692,200.0,CMG-DM24,A2165,2.865e-06,2.0,4.24e-07,25.6557754257,367.167536534,0.611691022965,698080.279232,-0.00172605427975,-0.00233139060262,0.25,0.00388088258924,0.266297803022,0.00383471709759,0.26950371592,0.0038539180812,0.266260204638,-0.455911139241,-0.500714475609,-1.15942974377,-1.20351263811,-1.67417826051,2.64262703665,-2.30229264,2.11948643398
2017,YKAR9,.3291..HHZ,2017-10-10 20:47:49,292.975,0.2,20.0,116.0,-11.0,-72.6,1.7e-05,-0.2,20.0,0.281838293126,-0.2,0.0036697,S-13,954,609.74,3688,6046,6046,0.1975,5.0,23.0,1,0.021,MAN-ELP-0110,G18322,40.0,8.692,200.0,CMG-DM24,A3291,2.866e-06,2.0,4.24e-07,25.6557754257,378.722831313,0.62112184097,697836.706211,-0.00168899116499,-0.00229432748786,0.25,0.00376378538924,0.274582740625,0.0037245646297,0.277474177535,0.0036713366862,0.281712593248,1.47304813202,1.42910511149,1.57280062255,1.52749915347,-4.15350558737,-0.0304834608304,-3.56948828957,1.02766286598
2018,YKAB0,.3292..HHZ,2018-10-23 16:34:16,287.725,0.2,20.0,114.0,-11.06,-73.1,1.4e-05,-1.0,20.0,0.279898131963,-1.0,0.0036998,S-13,2340,618.3,3754,6132,6132,0.1975,5.0,23.0,1,0.0075,MAN-ELP-0110,G18331,40.0,8.692,200.0,CMG-DM24,A3292,2.868e-06,2.0,4.24e-07,25.6557754257,383.513615213,0.620271090431,697350.069735,-0.00169233461461,-0.00229767093748,0.25,0.00371936254901,0.277862266365,0.0036801049763,0.280826366084,0.003708050554,0.279273959129,-0.535175595036,-0.759369036613,-0.33053667072,-0.552799573944,-3.55424643706,0.200881606574,-3.02856831707,0.963074414214
2018,YKAB1,.3085..HHZ,2018-10-23 16:01:14,287.475,0.2,20.0,114.0,-11.08,107.3,1.6e-05,-1.0,20.0,0.279254384124,-1.0,0.0036836,S-13,2338,605.92,3729,5971,5971,0.1975,5.0,23.0,1,0.0212,MAN-ELP-0110,G18317,40.0,8.692,200.0,CMG-DM24,A3085,2.87e-06,2.0,4.24e-07,25.6557754257,372.984362887,0.615567010309,696864.111498,-0.00171082164948,-0.00231615797235,0.25,0.00382702611125,0.270045324296,0.00378380856865,0.273129702138,0.003691814428,0.278631646847,2.64835196689,2.43125779177,2.24240788827,2.01440731868,-3.13440804016,0.808565799377,-2.98553221197,1.43270168563
2018,YKAB2,.3087..HHZ,2018-10-23 16:12:44,288.475,0.2,20.0,114.0,-10.97,-72.6,1.9e-05,-1.0,20.0,0.282813411105,-1.0,0.0036379,S-13,2342,613.32,3831,6158,6158,0.1975,5.0,23.0,1,0.0275,MAN-ELP-0110,G18338,40.0,8.692,200.0,CMG-DM24,A3087,2.87e-06,2.0,4.24e-07,25.6557754257,378.098364201,0.616478125939,696864.111498,-0.00170724096506,-0.00231257728793,0.25,0.00377526334681,0.273747924943,0.00373316830919,0.276834694208,0.003646012517,0.282182737198,2.55194251373,2.33463334554,2.15967038157,1.93185431662,-3.13138841643,0.815760621481,-3.22549538847,1.19986515599
2018,YKAB3,.3080..HHZ,2018-10-23 16:23:53,287.575,0.2,20.0,114.0,-11.1,-72.7,1.3e-05,-1.0,20.0,0.278612116863,-1.0,0.0036878,S-13,2343,607.6,3764,5910,5910,0.1975,5.0,23.0,1,0.0055,MAN-ELP-0110,G18318,40.0,8.692,200.0,CMG-DM24,A3080,2.87e-06,2.0,4.24e-07,25.6557754257,371.192474674,0.610915856936,696864.111498,-0.00172910068224,-0.00233443700511,0.25,0.00384550063173,0.268747974912,0.00379928943596,0.27201678754,0.003696023794,0.277990811842,2.9344812454,2.71802513858,2.42460378384,2.1961969174,-0.99492288327,3.03052210001,-1.90421555523,2.47391226743
2018,YKAB4,.3180..HHZ,2018-10-23 16:25:37,287.975,0.2,20.0,114.0,-10.8,-72.5,1.3e-05,-1.0,20.0,0.288403150313,-1.0,0.0035938,S-13,831,619.12,3646,6239,6239,0.1975,5.0,23.0,1,0.0195,MAN-ELP-0110,G18326,40.0,8.692,200.0,CMG-DM24,A3180,2.869e-06,2.0,4.24e-07,25.6557754257,390.762739504,0.631158320688,697107.005925,-0.0016495477997,-0.00225488412257,0.25,0.00365163663882,0.283015702142,0.00361940008876,0.28553640989,0.003601814174,0.287760011287,0.707301987519,0.485879270951,1.00398419366,0.778745308904,-1.65220750769,2.24162352904,-1.28727040782,2.79876021512
2018,YKAB6,.3036..HHZ,2018-10-23 16:28:07,288.625,0.2,20.0,114.0,-10.77,107.6,1.4e-05,-1.0,20.0,0.289400981707,-1.0,0.0035726,S-13,2345,620.79,3746,6277,6277,0.1975,5.0,23.0,1,0.0226,MAN-ELP-0110,G18335,40.0,8.692,200.0,CMG-DM24,A3036,2.869e-06,2.0,4.24e-07,25.6557754257,388.775698893,0.626259602913,697107.005925,-0.00166879976055,-0.00227413608342,0.25,0.00367030022896,0.281576558546,0.00363503333692,0.284308398717,0.003580566898,0.288755617517,1.71754509884,1.49837522441,1.79121792131,1.56422350535,-3.07012315036,0.766085821474,-2.61114081516,1.60867443454
2018,YKAB7,.3086..HHZ,2018-10-23 16:29:52,287.575,0.2,20.0,114.0,-10.29,-72.5,1.5e-05,-1.0,20.0,0.305844024651,-1.0,0.0033587,S-13,2347,639.15,3957,6665,6665,0.1975,5.0,23.0,1,0.0242,MAN-ELP-0110,G18337,40.0,8.692,200.0,CMG-DM24,A3086,2.869e-06,2.0,4.24e-07,25.6557754257,401.048272453,0.62747128601,697107.005925,-0.00166403784598,-0.00226937416885,0.25,0.0035579844988,0.290465151732,0.003524484946,0.293225967236,0.003366189901,0.305161992476,4.70380633038,4.49129581849,4.3031855376,4.07058943385,-2.54505272045,1.19298611412,-3.04570800576,1.29400731319
2018,YKAB8,.4549..HHZ,2018-10-23 16:31:15,286.975,0.2,20.0,113.0,-10.9,-72.6,1.5e-05,-1.0,20.0,0.28510182675,-1.0,0.0036001,S-13,2493,621.46,3761,6296,6296,0.1975,5.0,23.0,1,0.0234,MAN-ELP-0110,G18336,40.0,8.692,200.0,CMG-DM24,A4549,2.873e-06,2.0,4.24e-07,25.6557754257,389.053610421,0.626031619767,696136.442743,-0.00166969573431,-0.00227503205718,0.25,0.00367279196279,0.281385528441,0.00363737257517,0.28412555655,0.003608128223,0.284466049677,1.02471150267,0.803996609322,0.343605204636,0.119838965029,-3.27434150719,0.581134034613,-3.52629169931,0.674072579916
2018,YKAB9,.3072..HHZ,2018-10-23 16:32:49,288.525,0.2,20.0,114.0,-11.15,107.3,1.4e-05,-1.0,20.0,0.277012903916,-1.0,0.003718,S-13,2348,601.74,3754,5886,5886,0.1975,5.0,23.0,1,0.0207,MAN-ELP-0110,G18320,40.0,8.692,200.0,CMG-DM24,A3072,2.865e-06,2.0,4.24e-07,25.6557754257,367.410958506,0.610580912863,698080.279232,-0.00173041701245,-0.00233575333532,0.25,0.00387831137553,0.266474351137,0.00383150591086,0.269729587098,0.00372629114,0.276395165141,2.9624360109,2.7460422432,2.70022910588,2.47120759498,-2.79263565004,1.00514481501,-2.63445870303,1.62304014391
2018,YKAR1,.3079..HHZ,2018-10-23 17:20:34,287.975,0.2,20.0,114.0,-10.59,-72.7,1.2e-05,0.1,20.0,0.295460888848,0.1,0.0034666,S-13,1192,619.2,3774,6249,6249,0.1975,5.0,23.0,1,0.0233,MAN-ELP-0110,G18321,40.0,8.692,200.0,CMG-DM24,A3079,2.867e-06,2.0,4.24e-07,25.6557754257,386.050164621,0.623466028135,697593.303104,-0.00167977850943,-0.0022851148323,0.25,0.00369363608396,0.279797598846,0.00365651575297,0.282638056862,0.0034658269482,0.295526776626,5.19389948783,5.21504124824,4.53683843171,4.56015014668,-1.32913416168,3.67404947431,-2.68157127001,3.05616002684
2018,YKAR2,.3076..HHZ,2018-10-23 17:22:20,288.475,0.2,20.0,114.0,-10.53,-72.4,1.6e-05,0.1,20.0,0.297508925888,0.1,0.0034715,S-13,832,628.26,3591,6355,6355,0.1975,5.0,23.0,1,0.0112,MAN-ELP-0110,G18332,40.0,8.692,200.0,CMG-DM24,A3076,2.867e-06,2.0,4.24e-07,25.6557754257,401.426935451,0.638950331792,697593.303104,-0.00161892519606,-0.00222426151893,0.25,0.0035521503226,0.290942221878,0.00352524020478,0.293163145564,0.0034707258555,0.297575270379,1.52444093621,1.54640098588,1.48237607283,1.50500664269,-2.73740211714,2.13091917533,-2.48345441263,2.80203046224
2018,YKAR3,.3073..HHZ,2018-10-23 17:23:47,287.975,0.2,20.0,114.0,-11.82,-73.0,1.1e-05,0.1,20.0,0.256448403652,0.1,0.0040595,S-13,822,619.92,3790,6255,6255,0.1975,5.0,23.0,1,0.0219,MAN-ELP-0110,G18334,40.0,8.692,200.0,CMG-DM24,A3073,2.867e-06,2.0,4.24e-07,25.6557754257,386.022857143,0.622697859632,697593.303104,-0.00168279741165,-0.00228813373452,0.25,0.0036938973739,0.279777807203,0.0036563194702,0.282653229764,0.0040585947315,0.256505591646,-11.026950273,-11.0021912631,-9.27101598463,-9.2507834212,-6.35885353824,-1.03569080352,-2.00652234417,2.70807428669
2018,YKAR4,.3081..HHZ,2018-10-23 17:25:20,287.475,0.2,20.0,114.0,-10.66,-72.8,1.3e-05,0.1,20.0,0.293089324525,0.1,0.0035265,S-13,2474,626.6,3619,6407,6407,0.1975,5.0,23.0,1,0.0244,MAN-ELP-0110,G18333,40.0,8.692,200.0,CMG-DM24,A3081,2.864e-06,2.0,4.24e-07,25.6557754257,400.421524038,0.6390384999,698324.022346,-0.00161857869539,-0.00222391501826,0.25,0.00355734308763,0.290517524412,0.00353044344879,0.292731075371,0.0035257135905,0.293154683444,0.111698398509,0.133973489766,0.122381661541,0.144708952651,-3.29986874708,1.6118094037,-2.68662708676,2.5399950362
2018,YKAR5,.3077..HHZ,2018-10-23 17:26:34,287.525,0.2,20.0,114.0,-11.02,-72.8,1.9e-05,0.1,20.0,0.28119008304,0.1,0.0036814,S-13,2349,615.83,3762,6164,6164,0.1975,5.0,23.0,1,0.0205,MAN-ELP-0110,G18325,40.0,8.692,200.0,CMG-DM24,A3077,2.869e-06,2.0,4.24e-07,25.6557754257,382.427576063,0.620995365706,697107.005925,-0.00168948821277,-0.00229482453564,0.25,0.00373122553386,0.276978836557,0.00369226557105,0.279901455466,0.0036805790478,0.281252788428,0.294279239647,0.316513615376,0.460386164162,0.482788830277,-3.36920510202,1.16446830199,-2.45844450011,2.38364700602
2018,YKAR6,.3038..HHZ,2018-10-23 17:27:26,287.4,0.2,20.0,113.0,-10.7,-72.5,1.5e-05,0.1,20.0,0.2917427014,0.1,0.0035438,S-13,2350,616.95,3661,6211,6211,0.1975,5.0,23.0,1,0.0244,MAN-ELP-0110,G18324,40.0,8.692,200.0,CMG-DM24,A3038,2.875e-06,2.0,4.24e-07,25.6557754257,388.156042342,0.629153160454,695652.173913,-0.00165742807942,-0.00226276440229,0.25,0.00368384756608,0.280541061693,0.00365014897548,0.28313104869,0.0035430097326,0.291807760023,2.9135516439,2.93520192188,3.04157836099,3.06455663296,-4.26831893839,0.100004340221,-2.40014668936,2.56066756672
2018,YKAR7,.3074..HHZ,2018-10-23 17:28:30,287.825,0.2,20.0,114.0,-10.69,-73.2,1.1e-05,0.1,20.0,0.292078776021,0.1,0.0035308,S-13,2911,618.86,3577,6252,6252,0.1975,5.0,23.0,1,0.0248,MAN-ELP-0110,G18329,40.0,8.692,200.0,CMG-DM24,A3074,2.866e-06,2.0,4.24e-07,25.6557754257,393.642559772,0.636076915251,697836.706211,-0.00163021772306,-0.00223555404593,0.25,0.00362113146478,0.285399886017,0.00359202015938,0.287712891756,0.0035300126316,0.292143909588,1.70433785636,1.72625778902,1.51744478259,1.54008317278,-3.72492341532,0.725744211983,-3.80978888058,1.14532386205
2018,YKAR8,.2165..HHZ,2018-10-23 17:29:28,287.425,0.2,20.0,113.0,-11.44,107.0,1.4e-05,0.1,20.0,0.267916832482,0.1,0.0038658,S-13,1466,600.25,3720,5860,5860,0.1975,5.0,23.0,1,0.0211,MAN-ELP-0110,G18330,40.0,8.692,200.0,CMG-DM24,A2165,2.865e-06,2.0,4.24e-07,25.6557754257,367.167536534,0.611691022965,698080.279232,-0.00172605427975,-0.00233139060262,0.25,0.00388088258924,0.266297803022,0.00383471709759,0.26950371592,0.0038649379266,0.267976577936,-0.810565724022,-0.788084967866,-0.588816904554,-0.566648210724,-2.02883284529,2.35525654439,-1.73167980079,2.75635086136
2018,YKAR9,.3291..HHZ,2018-10-23 17:30:14,286.975,0.2,20.0,113.0,-10.91,-72.5,1.7e-05,0.1,20.0,0.284773780017,0.1,0.0036074,S-13,954,609.74,3688,6046,6046,0.1975,5.0,23.0,1,0.021,MAN-ELP-0110,G18322,40.0,8.692,200.0,CMG-DM24,A3291,2.866e-06,2.0,4.24e-07,25.6557754257,378.722831313,0.62112184097,697836.706211,-0.00168899116499,-0.00229432748786,0.25,0.00376378538924,0.274582740625,0.0037245646297,0.277474177535,0.0036065955498,0.28483728457,3.14572685272,3.16732535564,2.63073218109,2.65361883436,-2.48082686667,1.70773678332,-2.51155673103,2.15378254687
2019,YKAB0,.3292..HHZ,2019-03-06 16:01:55,287.975,0.2,20.0,114.0,-10.81,-72.6,1.2e-05,-15.9,20.0,0.288071304978,-15.9,0.0036024,S-13,2340,618.3,3754,6132,6132,0.1975,5.0,23.0,1,0.0075,MAN-ELP-0110,G18331,40.0,8.692,200.0,CMG-DM24,A3292,2.868e-06,2.0,4.24e-07,25.6557754257,383.513615213,0.620271090431,697350.069735,-0.00169233461461,-0.00229767093748,0.25,0.00371936254901,0.277862266365,0.0036801049763,0.280826366084,0.0037301302968,0.277857160717,2.11148803623,-1.35934493247,2.57986420368,-1.05731004139,-0.907582805793,-0.399094289283,-0.118167442674,0.458563946769
2019,YKAB1,.3085..HHZ,2019-03-06 16:20:42,280.0,0.2,20.0,111.0,-10.79,-72.2,1.2e-05,-15.9,20.0,0.288735377919,-15.9,0.0035837,S-13,2338,605.92,3729,5971,5971,0.1975,5.0,23.0,1,0.0212,MAN-ELP-0110,G18317,40.0,8.692,200.0,CMG-DM24,A3085,2.87e-06,2.0,4.24e-07,25.6557754257,372.984362887,0.615567010309,696864.111498,-0.00171082164948,-0.00231615797235,0.25,0.00382702611125,0.270045324296,0.00378380856865,0.273129702138,0.0037107672509,0.278497687624,5.28854895856,1.93036503898,5.71365020317,1.96536130791,-0.49421104849,0.307673046582,0.48571010293,1.38365567486
2019,YKAB2,.3087..HHZ,2019-03-06 16:40:10,288.975,0.2,20.0,114.0,-10.68,-72.1,2.1e-05,-15.9,20.0,0.292415237784,-15.9,0.0035247,S-13,2342,613.32,3831,6158,6158,0.1975,5.0,23.0,1,0.0275,MAN-ELP-0110,G18338,40.0,8.692,200.0,CMG-DM24,A3087,2.87e-06,2.0,4.24e-07,25.6557754257,378.098364201,0.616478125939,696864.111498,-0.00170724096506,-0.00231257728793,0.25,0.00377526334681,0.273747924943,0.00373316830919,0.276834694208,0.0036496752879,0.282047070698,5.58421940629,2.23651907378,5.62810366702,1.8828479953,-0.0991115238734,0.717646349725,0.242937896979,1.15085883467
2019,YKAB3,.3080..HHZ,2019-03-06 17:00:12,288.975,0.2,20.0,114.0,-10.89,-72.3,1.3e-05,-14.3,20.0,0.285430251379,-14.3,0.0036079,S-13,2343,607.6,3764,5910,5910,0.1975,5.0,23.0,1,0.0055,MAN-ELP-0110,G18318,40.0,8.692,200.0,CMG-DM24,A3080,2.87e-06,2.0,4.24e-07,25.6557754257,371.192474674,0.610915856936,696864.111498,-0.00172910068224,-0.00233443700511,0.25,0.00384550063173,0.268747974912,0.00379928943596,0.27201678754,0.0037229523231,0.276328166092,5.03750607009,2.00924710116,4.93111618602,1.58496782196,1.10810194142,2.32174406259,0.602296846941,1.86268317198
2019,YKAB4,.3180..HHZ,2019-03-06 17:20:10,287.975,0.2,20.0,114.0,-10.63,-72.2,1.2e-05,-14.3,20.0,0.294103369375,-14.3,0.0035114,S-13,831,619.12,3646,6239,6239,0.1975,5.0,23.0,1,0.0195,MAN-ELP-0110,G18326,40.0,8.692,200.0,CMG-DM24,A3180,2.869e-06,2.0,4.24e-07,25.6557754257,390.762739504,0.631158320688,697107.005925,-0.0016495477997,-0.00225488412257,0.25,0.00365163663882,0.283015702142,0.00361940008876,0.28553640989,0.0036233750346,0.284724707029,2.98392236601,-0.109823333659,3.0003037048,-0.284272980038,0.6244128708,1.64592092444,0.709049103333,1.73574192618
2019,YKAB6,.3036..HHZ,2019-03-06 17:40:10,287.975,0.2,20.0,114.0,-10.55,-72.1,1.6e-05,-14.3,20.0,0.296824674346,-14.3,0.0034708,S-13,2345,620.79,3746,6277,6277,0.1975,5.0,23.0,1,0.0226,MAN-ELP-0110,G18335,40.0,8.692,200.0,CMG-DM24,A3036,2.869e-06,2.0,4.24e-07,25.6557754257,388.775698893,0.626259602913,697107.005925,-0.00166879976055,-0.00227413608342,0.25,0.00367030022896,0.281576558546,0.00363503333692,0.284308398717,0.0035814803412,0.287359232306,4.5180696213,1.47324634345,4.40235873647,1.07307191872,-0.269598627899,0.740956940517,0.0,1.11752284792
2019,YKAB7,.3086..HHZ,2019-03-06 18:00:26,288.975,0.2,20.0,114.0,-10.06,107.9,1.8e-05,-12.3,20.0,0.314050869388,-12.3,0.0032974,S-13,2347,639.15,3957,6665,6665,0.1975,5.0,23.0,1,0.0242,MAN-ELP-0110,G18337,40.0,8.692,200.0,CMG-DM24,A3086,2.869e-06,2.0,4.24e-07,25.6557754257,401.048272453,0.62747128601,697107.005925,-0.00166403784598,-0.00226937416885,0.25,0.0035579844988,0.290465151732,0.003524484946,0.293225967236,0.0033878443846,0.305436768091,6.44306755405,3.87689445399,7.10199793949,4.16429723801,-0.805791496775,0.578584749614,-0.246895603869,1.38771511734
2019,YKAB8,.4549..HHZ,2019-03-06 18:20:15,287.975,0.2,20.0,114.0,-10.6,-71.9,1.4e-05,-12.3,20.0,0.295120922667,-12.3,0.0034859,S-13,2493,621.46,3761,6296,6296,0.1975,5.0,23.0,1,0.0234,MAN-ELP-0110,G18336,40.0,8.692,200.0,CMG-DM24,A4549,2.873e-06,2.0,4.24e-07,25.6557754257,389.053610421,0.626031619767,696136.442743,-0.00166969573431,-0.00227503205718,0.25,0.00367279196279,0.281385528441,0.00363737257517,0.28412555655,0.0035815147511,0.287026050879,4.16434038698,1.53566407945,3.86989690394,1.02084950177,-0.134712622882,1.31280150474,0.0,1.57508311665
2019,YKAB9,.3072..HHZ,2019-03-06 18:40:10,286.975,0.2,20.0,113.0,-10.92,107.7,1.5e-05,-12.3,20.0,0.284446110745,-12.3,0.0036163,S-13,2348,601.74,3754,5886,5886,0.1975,5.0,23.0,1,0.0207,MAN-ELP-0110,G18320,40.0,8.692,200.0,CMG-DM24,A3072,2.865e-06,2.0,4.24e-07,25.6557754257,367.410958506,0.610580912863,698080.279232,-0.00173041701245,-0.00233575333532,0.25,0.00387831137553,0.266474351137,0.00383150591086,0.269729587098,0.0037154914927,0.276644038373,5.61674484836,3.02790654281,5.45602868589,2.56347527507,-0.138326812572,1.28700911462,0.121340876983,1.715307824
2019,YKAR1,.3079..HHZ,2019-03-06 19:00:13,287.975,0.2,20.0,114.0,-10.36,107.6,1.4e-05,-10.8,20.0,0.303389118419,-10.8,0.0033853,S-13,1192,619.2,3774,6249,6249,0.1975,5.0,23.0,1,0.0233,MAN-ELP-0110,G18321,40.0,8.692,200.0,CMG-DM24,A3079,2.867e-06,2.0,4.24e-07,25.6557754257,386.050164621,0.623466028135,697593.303104,-0.00167977850943,-0.0022851148323,0.25,0.00369363608396,0.279797598846,0.00365651575297,0.282638056862,0.0034668315652,0.296082294891,7.4173276225,5.18756654096,7.34192054256,4.75669772821,0.894293972984,3.64657476703,0.12351084085,3.25270760837
2019,YKAR2,.3076..HHZ,2019-03-06 19:20:22,286.975,0.2,20.0,113.0,-10.34,-72.1,1.1e-05,-10.8,20.0,0.304088502568,-10.8,0.0033827,S-13,832,628.26,3591,6355,6355,0.1975,5.0,23.0,1,0.0112,MAN-ELP-0110,G18332,40.0,8.692,200.0,CMG-DM24,A3076,2.867e-06,2.0,4.24e-07,25.6557754257,401.426935451,0.638950331792,697593.303104,-0.00161892519606,-0.00222426151893,0.25,0.0035521503226,0.290942221878,0.00352524020478,0.293163145564,0.0034641689468,0.296764835072,4.04341822121,1.73239990565,3.72671571071,1.22856148953,-0.218424832145,2.31691809509,-0.239114774752,2.52558530908
2019,YKAR3,.3073..HHZ,2019-03-06 19:40:14,288.975,0.2,20.0,114.0,-11.61,-72.6,1.2e-05,-10.8,20.0,0.262724152647,-10.8,0.0039318,S-13,822,619.92,3790,6255,6255,0.1975,5.0,23.0,1,0.0219,MAN-ELP-0110,G18334,40.0,8.692,200.0,CMG-DM24,A3073,2.867e-06,2.0,4.24e-07,25.6557754257,386.022857143,0.622697859632,697593.303104,-0.00168279741165,-0.00228813373452,0.25,0.0036938973739,0.279777807203,0.0036563194702,0.282653229764,0.0040264934712,0.256396704155,-7.5343670608,-10.1242247571,-7.05071622003,-9.28930677058,-2.86627032605,-0.157724297535,0.213777420433,2.6695509373
2019,YKAR4,.3081..HHZ,2019-03-06 20:01:33,287.975,0.2,20.0,114.0,-10.46,-72.5,1.6e-05,-9.2,20.0,0.299916251899,-9.2,0.0034397,S-13,2474,626.6,3619,6407,6407,0.1975,5.0,23.0,1,0.0244,MAN-ELP-0110,G18333,40.0,8.692,200.0,CMG-DM24,A3081,2.864e-06,2.0,4.24e-07,25.6557754257,400.421524038,0.6390384999,698324.022346,-0.00161857869539,-0.00222391501826,0.25,0.00355734308763,0.290517524412,0.00353044344879,0.292731075371,0.0035102688852,0.293763170075,2.57031305299,0.57144559558,2.45453152471,0.352574355953,-0.841254092603,2.04928150952,-0.354477223588,2.7478604395
2019,YKAR5,.3077..HHZ,2019-03-06 20:20:09,288.975,0.2,20.0,114.0,-10.85,107.5,2.1e-05,-9.2,20.0,0.286747737558,-9.2,0.0036013,S-13,2349,615.83,3762,6164,6164,0.1975,5.0,23.0,1,0.0205,MAN-ELP-0110,G18325,40.0,8.692,200.0,CMG-DM24,A3077,2.869e-06,2.0,4.24e-07,25.6557754257,382.427576063,0.620995365706,697107.005925,-0.00168948821277,-0.00229482453564,0.25,0.00373122553386,0.276978836557,0.00369226557105,0.279901455466,0.0036751842708,0.280864820974,2.46367898781,0.462623825928,2.4459615907,0.344180242702,-1.19980535386,1.31057851254,-0.472869073571,2.24503841844
2019,YKAR6,.3038..HHZ,2019-03-06 20:40:33,287.975,0.2,20.0,114.0,-10.52,-72.3,1.8e-05,-9.2,20.0,0.297851642943,-9.2,0.0034528,S-13,2350,616.95,3661,6211,6211,0.1975,5.0,23.0,1,0.0244,MAN-ELP-0110,G18324,40.0,8.692,200.0,CMG-DM24,A3038,2.875e-06,2.0,4.24e-07,25.6557754257,388.156042342,0.629153160454,695652.173913,-0.00165742807942,-0.00226276440229,0.25,0.00368384756608,0.280541061693,0.00365014897548,0.28313104869,0.0035236376448,0.291740918636,5.40660057454,3.46592239193,5.19921581229,3.04094870069,-1.77527000775,0.630724810265,-0.242509238056,2.53705963445
2019,YKAR7,.3074..HHZ,2019-03-06 21:00:22,287.975,0.2,20.0,114.0,-10.36,-71.9,1.6e-05,-8.4,20.0,0.303389118419,-8.4,0.0033899,S-13,2911,618.86,3577,6252,6252,0.1975,5.0,23.0,1,0.0248,MAN-ELP-0110,G18329,40.0,8.692,200.0,CMG-DM24,A3074,2.866e-06,2.0,4.24e-07,25.6557754257,393.642559772,0.636076915251,697836.706211,-0.00163021772306,-0.00223555404593,0.25,0.00362113146478,0.285399886017,0.00359202015938,0.287712891756,0.0034533996068,0.297706033453,5.62692163229,3.8591251283,5.44856595331,3.47330341587,0.197660360604,2.85861155127,0.121332290138,3.07854410515
2019,YKAR8,.2165..HHZ,2019-03-06 21:20:11,287.975,0.2,20.0,114.0,-11.24,-72.6,1.5e-05,-8.4,20.0,0.274157417193,-8.4,0.0037518,S-13,1466,600.25,3720,5860,5860,0.1975,5.0,23.0,1,0.0211,MAN-ELP-0110,G18330,40.0,8.692,200.0,CMG-DM24,A2165,2.865e-06,2.0,4.24e-07,25.6557754257,367.167536534,0.611691022965,698080.279232,-0.00172605427975,-0.00233139060262,0.25,0.00388088258924,0.266297803022,0.00383471709759,0.26950371592,0.0038220787176,0.269021900454,2.16227417782,0.329577897718,1.72676701591,-0.178778783833,0.94400705655,3.47291940998,0.583904119676,3.14422028825
2019,YKAR9,.3291..HHZ,2019-03-06 21:40:26,286.975,0.2,20.0,113.0,-10.75,-72.2,2e-05,-8.4,20.0,0.290068119869,-8.4,0.003533,S-13,954,609.74,3688,6046,6046,0.1975,5.0,23.0,1,0.021,MAN-ELP-0110,G18322,40.0,8.692,200.0,CMG-DM24,A3291,2.866e-06,2.0,4.24e-07,25.6557754257,378.722831313,0.62112184097,697836.706211,-0.00168899116499,-0.00229432748786,0.25,0.00376378538924,0.274582740625,0.0037245646297,0.277474177535,0.003599180156,0.284634563848,5.14327575835,3.36641959986,4.53877994935,2.58055952333,-0.483277961039,1.90683102754,-0.603508962772,2.08072323584
mean,YKAB0,.3292..HHZ,2015-11-23 21:00:05,274.925,0.2,20.0,108.6,-10.98,-73.04,1.14e-05,-7.86,20.0,0.282527237745,-7.86,0.003668,S-13,2340,618.3,3754,6132,6132,0.1975,5.0,23.0,1,0.0075,MAN-ELP-0110,G18331,40.0,8.692,200.0,CMG-DM24,A3292,2.868e-06,2.0,4.24e-07,25.6557754257,383.513615213,0.620271090431,697350.069735,-0.00169233461461,-0.00229767093748,0.25,0.00371936254901,0.277862266365,0.0036801049763,0.280826366084,0.00373111469096,0.277495778697,0.328930190121,-1.38609401073,0.605666656143,-1.18599525878,-2.6901406519,-0.425843367538,-2.09236499021,0.329878729383
mean,YKAB1,.3085..HHZ,2015-11-23 19:25:59,288.05,0.2,20.0,113.8,-10.982,35.46,1.54e-05,-8.22,20.0,0.282461911457,-8.22,0.00363918,S-13,2338,605.92,3729,5971,5971,0.1975,5.0,23.0,1,0.0212,MAN-ELP-0110,G18317,40.0,8.692,200.0,CMG-DM24,A3085,2.87e-06,2.0,4.24e-07,25.6557754257,372.984362887,0.615567010309,696864.111498,-0.00171082164948,-0.00231615797235,0.25,0.00382702611125,0.270045324296,0.00378380856865,0.273129702138,0.00370492740666,0.277202504576,3.82230142004,2.08470276865,3.41676838731,1.49116057554,-1.96045858701,0.462010776254,-1.81117171292,0.909454942492
mean,YKAB2,.3087..HHZ,2015-11-23 19:36:11,290.385,0.2,20.0,114.8,-10.868,-36.44,1.96e-05,-8.22,20.0,0.286196015487,-8.22,0.00360744,S-13,2342,613.32,3831,6158,6158,0.1975,5.0,23.0,1,0.0275,MAN-ELP-0110,G18338,40.0,8.692,200.0,CMG-DM24,A3087,2.87e-06,2.0,4.24e-07,25.6557754257,378.098364201,0.616478125939,696864.111498,-0.00170724096506,-0.00231257728793,0.25,0.00377526334681,0.273747924943,0.00373316830919,0.276834694208,0.0036723190625,0.280863653412,3.36787143729,1.62996258544,3.38155638527,1.45536642906,-2.31545949287,0.111089861386,-2.00360938477,0.723377268432
mean,YKAB3,.3080..HHZ,2015-11-23 19:48:33,264.295,0.2,20.0,104.4,-11.03,-36.56,1.132e-05,-7.82,20.0,0.280884649552,-7.82,0.00366534,S-13,2343,607.6,3764,5910,5910,0.1975,5.0,23.0,1,0.0055,MAN-ELP-0110,G18318,40.0,8.692,200.0,CMG-DM24,A3080,2.87e-06,2.0,4.24e-07,25.6557754257,371.192474674,0.610915856936,696864.111498,-0.00172910068224,-0.00233443700511,0.25,0.00384550063173,0.268747974912,0.00379928943596,0.27201678754,0.00372879329862,0.275935098241,3.5256444189,1.85550847138,3.26004218073,1.44046650101,-0.403759709772,2.16800543282,-1.06877715835,1.71818185104
mean,YKAB4,.3180..HHZ,2015-11-23 23:29:52,289.185,0.2,20.0,114.4,-10.748,-36.42,1.3e-05,-7.68,20.0,0.290146268429,-7.68,0.00355742,S-13,831,619.12,3646,6239,6239,0.1975,5.0,23.0,1,0.0195,MAN-ELP-0110,G18326,40.0,8.692,200.0,CMG-DM24,A3180,2.869e-06,2.0,4.24e-07,25.6557754257,390.762739504,0.631158320688,697107.005925,-0.0016495477997,-0.00225488412257,0.25,0.00365163663882,0.283015702142,0.00361940008876,0.28553640989,0.00361791265696,0.285138554667,1.71244093618,0.0410960868542,1.61445559288,-0.139336074019,-0.647068559033,1.79684034495,-0.676799008586,1.8806788322
mean,YKAB6,.3036..HHZ,2015-11-23 20:12:49,290.195,0.2,20.0,114.6,-10.702,-0.3,1.48e-05,-7.68,20.0,0.291707909634,-7.68,0.00354054,S-13,2345,620.79,3746,6277,6277,0.1975,5.0,23.0,1,0.0226,MAN-ELP-0110,G18335,40.0,8.692,200.0,CMG-DM24,A3036,2.869e-06,2.0,4.24e-07,25.6557754257,388.775698893,0.626259602913,697107.005925,-0.00166879976055,-0.00227413608342,0.25,0.00367030022896,0.281576558546,0.00363503333692,0.284308398717,0.00360014368084,0.286640926366,2.59951775296,0.95981667417,2.60263536011,0.820421647468,-2.18815049623,0.227527271236,-1.79972337636,0.864872576661
mean,YKAB7,.3086..HHZ,2015-11-23 20:25:08,289.295,0.2,20.0,114.2,-10.206,35.64,1.6e-05,-7.28,20.0,0.308851764634,-7.28,0.00334452,S-13,2347,639.15,3957,6665,6665,0.1975,5.0,23.0,1,0.0242,MAN-ELP-0110,G18337,40.0,8.692,200.0,CMG-DM24,A3086,2.869e-06,2.0,4.24e-07,25.6557754257,401.048272453,0.62747128601,697107.005925,-0.00166403784598,-0.00226937416885,0.25,0.0035579844988,0.290465151732,0.003524484946,0.293225967236,0.00339797837172,0.303764213524,5.10613461996,3.58936344519,5.32892688355,3.59389940345,-2.14272443086,0.291053740821,-2.01996665981,0.817317282781
mean,YKAB8,".3028..HHZ,.4549..HHZ",2015-11-23 20:36:14,288.735,0.2,20.0,114.2,-10.776,-72.24,1.48e-05,-7.28,20.0,0.289242726626,-7.28,0.00355928,S-13,2493,621.46,3761,6296,6296,0.1975,5.0,23.0,1,0.0234,MAN-ELP-0110,G18336,40.0,8.692,200.0,CMG-DM24,A4549,2.873e-06,2.0,4.24e-07,25.6557754257,389.053610421,0.626031619767,696136.442743,-0.00166969573431,-0.00227503205718,0.25,0.00367279196279,0.281385528441,0.00363737257517,0.28412555655,0.00361604963182,0.284470432506,2.14695012839,0.586218291146,1.80102421542,0.121381532836,-2.15210288147,0.363355716437,-2.06887268852,0.675615147722
mean,YKAB9,.3072..HHZ,2015-11-23 20:47:25,288.755,0.2,20.0,113.8,-11.066,71.44,1.42e-05,-7.28,20.0,0.279731024087,-7.28,0.00368012,S-13,2348,601.74,3754,5886,5886,0.1975,5.0,23.0,1,0.0207,MAN-ELP-0110,G18320,40.0,8.692,200.0,CMG-DM24,A3072,2.865e-06,2.0,4.24e-07,25.6557754257,367.410958506,0.610580912863,698080.279232,-0.00173041701245,-0.00233575333532,0.25,0.00387831137553,0.266474351137,0.00383150591086,0.269729587098,0.00373896139994,0.275130866443,3.95108122981,2.41535607868,3.70794954166,2.00247937311,-1.80399043113,0.674458650494,-1.62673826725,1.15431192205
mean,YKAR1,.3079..HHZ,2015-11-23 16:28:19,288.855,0.2,20.0,114.2,-10.508,-36.6,1.17e-05,-7.86,20.0,0.298292500105,-7.86,0.00344452,S-13,1192,619.2,3774,6249,6249,0.1975,5.0,23.0,1,0.0233,MAN-ELP-0110,G18321,40.0,8.692,200.0,CMG-DM24,A3079,2.867e-06,2.0,4.24e-07,25.6557754257,386.050164621,0.623466028135,697593.303104,-0.00167977850943,-0.0022851148323,0.25,0.00369363608396,0.279797598846,0.00365651575297,0.282638056862,0.00350436954726,0.292992902834,5.79775303289,4.16096130811,5.53868909833,3.6636417923,-0.725280616622,2.61996953417,-1.67972060338,2.15965167246
mean,YKAR2,.3076..HHZ,2015-11-23 17:05:05,290.015,0.2,20.0,114.6,-10.462,-72.26,1.278e-05,-7.58,20.0,0.299872605974,-7.58,0.00343728,S-13,832,628.26,3591,6355,6355,0.1975,5.0,23.0,1,0.0112,MAN-ELP-0110,G18332,40.0,8.692,200.0,CMG-DM24,A3076,2.867e-06,2.0,4.24e-07,25.6557754257,401.426935451,0.638950331792,697593.303104,-0.00161892519606,-0.00222426151893,0.25,0.0035521503226,0.290942221878,0.00352524020478,0.293163145564,0.00349451409176,0.294736914655,2.4951549305,0.871603386908,2.28864388719,0.536823647488,-1.76668812286,1.45612157635,-1.67718659827,1.83384746703
mean,YKAR3,.3073..HHZ,2015-11-23 17:28:49,263.26,0.2,20.0,103.8,-11.75,-72.8,9.42e-06,-7.58,20.0,0.258543861246,-7.58,0.00396328,S-13,822,619.92,3790,6255,6255,0.1975,5.0,23.0,1,0.0219,MAN-ELP-0110,G18334,40.0,8.692,200.0,CMG-DM24,A3073,2.867e-06,2.0,4.24e-07,25.6557754257,386.022857143,0.622697859632,697593.303104,-0.00168279741165,-0.00228813373452,0.25,0.0036938973739,0.279777807203,0.0036563194702,0.282653229764,0.00402871000184,0.254120769968,-8.39534215492,-10.1848466655,-8.52966319831,-10.0945104433,-3.72724542018,-0.218346205934,-1.26516955785,1.86434726462
mean,YKAR4,.3081..HHZ,2015-11-23 17:57:07,265.695,0.2,20.0,105.0,-10.584,-36.68,1.5e-05,-7.26,20.0,0.29569225089,-7.26,0.00348702,S-13,2474,626.6,3619,6407,6407,0.1975,5.0,23.0,1,0.0244,MAN-ELP-0110,G18333,40.0,8.692,200.0,CMG-DM24,A3081,2.864e-06,2.0,4.24e-07,25.6557754257,400.421524038,0.6390384999,698324.022346,-0.00161857869539,-0.00222391501826,0.25,0.00355734308763,0.290517524412,0.00353044344879,0.292731075371,0.00354255582634,0.290838202379,1.22997151555,-0.343083743533,1.01156855842,-0.646625230965,-2.18159563004,1.1347521704,-1.79744018988,1.74866085258
mean,YKAR5,.3077..HHZ,2015-11-23 18:15:49,290.125,0.2,20.0,114.6,-10.96,35.3,1.88e-05,-6.92,20.0,0.283162932895,-6.92,0.00363496,S-13,2349,615.83,3762,6164,6164,0.1975,5.0,23.0,1,0.0205,MAN-ELP-0110,G18325,40.0,8.692,200.0,CMG-DM24,A3077,2.869e-06,2.0,4.24e-07,25.6557754257,382.427576063,0.620995365706,697107.005925,-0.00168948821277,-0.00229482453564,0.25,0.00373122553386,0.276978836557,0.00369226557105,0.279901455466,0.00369021508272,0.278735816212,1.55204358802,0.05553469242,1.16522346186,-0.416446299423,-2.11144075365,0.90348937903,-1.7536072024,1.48441187632
mean,YKAR6,.3038..HHZ,2015-11-23 18:35:51,289.76,0.2,20.0,114.6,-10.648,-36.46,1.56e-05,-6.92,20.0,0.293522184938,-6.92,0.00349958,S-13,2350,616.95,3661,6211,6211,0.1975,5.0,23.0,1,0.0244,MAN-ELP-0110,G18324,40.0,8.692,200.0,CMG-DM24,A3038,2.875e-06,2.0,4.24e-07,25.6557754257,388.156042342,0.629153160454,695652.173913,-0.00165742807942,-0.00226276440229,0.25,0.00368384756608,0.280541061693,0.00365014897548,0.28313104869,0.00355236926468,0.288932088564,4.12500904734,2.67878685108,3.67008009049,2.04888863338,-3.05686153496,-0.156410730585,-1.77164495986,1.54499956714
mean,YKAR7,.3074..HHZ,2015-11-23 18:52:26,289.705,0.2,20.0,114.4,-10.508,-72.6,1.8e-05,-6.24,20.0,0.29829515481,-6.24,0.00345704,S-13,2911,618.86,3577,6252,6252,0.1975,5.0,23.0,1,0.0248,MAN-ELP-0110,G18329,40.0,8.692,200.0,CMG-DM24,A3074,2.866e-06,2.0,4.24e-07,25.6557754257,393.642559772,0.636076915251,697836.706211,-0.00163021772306,-0.00223555404593,0.25,0.00362113146478,0.285399886017,0.00359202015938,0.287712891756,0.00350428979304,0.294084152007,3.75777844765,2.44236842923,3.67806356854,2.21445073668,-1.67148282404,1.4418548522,-1.64917009464,1.81969142596
mean,YKAR8,.2165..HHZ,2015-11-23 19:03:02,290.705,0.2,20.0,114.8,-11.374,-0.82,1.4e-05,-6.54,20.0,0.26997616351,-6.54,0.00381164,S-13,1466,600.25,3720,5860,5860,0.1975,5.0,23.0,1,0.0211,MAN-ELP-0110,G18330,40.0,8.692,200.0,CMG-DM24,A2165,2.865e-06,2.0,4.24e-07,25.6557754257,367.167536534,0.611691022965,698080.279232,-0.00172605427975,-0.00233139060262,0.25,0.00388088258924,0.266297803022,0.00383471709759,0.26950371592,0.00386677592044,0.266002536413,0.601794004782,-0.83601533126,0.175302811276,-1.2991210511,-0.616473116487,2.307326181,-0.967560084956,2.02387802098
mean,YKAR9,.3291..HHZ,2015-11-23 19:13:41,290.775,0.2,20.0,114.8,-10.854,-72.38,1.72e-05,-6.54,20.0,0.286639334886,-6.54,0.00358554,S-13,954,609.74,3688,6046,6046,0.1975,5.0,23.0,1,0.021,MAN-ELP-0110,G18322,40.0,8.692,200.0,CMG-DM24,A3291,2.866e-06,2.0,4.24e-07,25.6557754257,378.722831313,0.62112184097,697836.706211,-0.00168899116499,-0.00229432748786,0.25,0.00376378538924,0.274582740625,0.0037245646297,0.277474177535,0.00363705248264,0.282405023103,3.73264108763,2.34959399995,3.30306676924,1.77704664712,-1.89391263176,0.890005427631,-1.83922214288,1.27721035963
