type,subtype,0,1
info,start,2020-05-27 20:00:22.550000,
info,trace_id,XX.YKAT1..SHZ,XX.YKAT1..SHC
info,waveform_file,PRB_+17.44_Output.mseed,
info,response_file,XX.YKAT1.xml,XX.YKAT1.xml
info,delay_start,0.0,
info,spec_min_freq_hz,0.02,
info,spec_max_freq_hz,16.0,
info,spec_max_amp_pct,5.0,
info,spec_max_phase_deg,5.0,
info,in_spec,False,
info,duration_s,604.0,
info,pre_s,0.0,
info,post_s,0.0,
info,sampling_rate_sps,40.0,
info,windows,23.0,
info,timing error estimate [s],0.043672,
info,timing error uncertainty [s],0.00148,
info,gain error estimate [%],34579221.2358,
info,gain error uncertainty [%],41544.0713,
info,confidence [%],0.95,
info,output_units,V,V
info,input_units,m/s,m/s
info,station_tools,1.1.0,1.1.0
magnitude_db,0.04,106.741,-4.157
magnitude_db,0.06,113.905,2.891
magnitude_db,0.08,119.392,7.893
magnitude_db,0.1,122.896,11.776
magnitude_db,0.12,125.834,14.952
magnitude_db,0.14,128.649,17.639
magnitude_db,0.16,130.946,19.969
magnitude_db,0.18,133.165,22.027
magnitude_db,0.2,134.946,23.87
magnitude_db,0.22,136.657,25.539
magnitude_db,0.24,138.059,27.064
magnitude_db,0.26,139.477,28.469
magnitude_db,0.28,140.757,29.771
magnitude_db,0.3,142.03,30.984
magnitude_db,0.32,143.103,32.119
magnitude_db,0.34,144.218,33.185
magnitude_db,0.36,145.152,34.191
magnitude_db,0.38,146.01,35.142
magnitude_db,0.4,146.947,36.043
magnitude_db,0.42,147.88,36.899
magnitude_db,0.44,148.596,37.713
magnitude_db,0.46,149.33,38.488
magnitude_db,0.48,150.088,39.228
magnitude_db,0.5,150.74,39.934
magnitude_db,0.52,151.358,40.608
magnitude_db,0.54,152.119,41.252
magnitude_db,0.56,152.64,41.868
magnitude_db,0.58,153.194,42.457
magnitude_db,0.6,153.721,43.019
magnitude_db,0.62,154.212,43.556
magnitude_db,0.64,154.651,44.069
magnitude_db,0.66,155.149,44.558
magnitude_db,0.68,155.593,45.024
magnitude_db,0.7000000000000001,156.025,45.467
magnitude_db,0.72,156.423,45.889
magnitude_db,0.74,156.784,46.29
magnitude_db,0.76,157.155,46.67
magnitude_db,0.78,157.472,47.03
magnitude_db,0.8,157.833,47.371
magnitude_db,0.8200000000000001,158.112,47.693
magnitude_db,0.84,158.387,47.996
magnitude_db,0.86,158.634,48.282
magnitude_db,0.88,158.904,48.551
magnitude_db,0.9,159.158,48.803
magnitude_db,0.92,159.39,49.04
magnitude_db,0.9400000000000001,159.576,49.261
magnitude_db,0.96,159.779,49.468
magnitude_db,0.98,159.973,49.661
magnitude_db,1.0,160.167,49.841
magnitude_db,1.02,160.297,50.009
magnitude_db,1.04,160.425,50.165
magnitude_db,1.06,160.604,50.309
magnitude_db,1.08,160.755,50.444
magnitude_db,1.1,160.865,50.568
magnitude_db,1.12,160.998,50.684
magnitude_db,1.1400000000000001,161.104,50.791
magnitude_db,1.16,161.167,50.889
magnitude_db,1.18,161.288,50.98
magnitude_db,1.2,161.382,51.065
magnitude_db,1.22,161.456,51.142
magnitude_db,1.24,161.522,51.214
magnitude_db,1.26,161.573,51.28
magnitude_db,1.28,161.657,51.341
magnitude_db,1.3,161.731,51.397
magnitude_db,1.32,161.789,51.448
magnitude_db,1.34,161.84,51.496
magnitude_db,1.36,161.88,51.539
magnitude_db,1.3800000000000001,161.947,51.579
magnitude_db,1.4000000000000001,161.967,51.616
magnitude_db,1.42,162.028,51.65
magnitude_db,1.44,162.082,51.681
magnitude_db,1.46,162.114,51.709
magnitude_db,1.48,162.134,51.735
magnitude_db,1.5,162.152,51.759
magnitude_db,1.52,162.208,51.781
magnitude_db,1.54,162.226,51.801
magnitude_db,1.56,162.244,51.819
magnitude_db,1.58,162.257,51.836
magnitude_db,1.6,162.285,51.851
magnitude_db,1.62,162.313,51.865
magnitude_db,1.6400000000000001,162.316,51.878
magnitude_db,1.6600000000000001,162.359,51.89
magnitude_db,1.68,162.368,51.9
magnitude_db,1.7,162.385,51.91
magnitude_db,1.72,162.424,51.918
magnitude_db,1.74,162.414,51.926
magnitude_db,1.76,162.439,51.933
magnitude_db,1.78,162.438,51.939
magnitude_db,1.8,162.458,51.945
magnitude_db,1.82,162.466,51.95
magnitude_db,1.84,162.48,51.954
magnitude_db,1.86,162.493,51.958
magnitude_db,1.8800000000000001,162.489,51.962
magnitude_db,1.9000000000000001,162.499,51.965
magnitude_db,1.92,162.516,51.968
magnitude_db,1.94,162.51,51.97
magnitude_db,1.96,162.54,51.972
magnitude_db,1.98,162.55,51.974
magnitude_db,2.0,162.545,51.975
magnitude_db,2.02,162.536,51.976
magnitude_db,2.04,162.553,51.977
magnitude_db,2.06,162.57,51.978
magnitude_db,2.08,162.562,51.978
magnitude_db,2.1,162.553,51.978
magnitude_db,2.12,162.572,51.979
magnitude_db,2.14,162.585,51.978
magnitude_db,2.16,162.588,51.978
magnitude_db,2.18,162.58,51.978
magnitude_db,2.2,162.591,51.977
magnitude_db,2.22,162.599,51.977
magnitude_db,2.24,162.589,51.976
magnitude_db,2.2600000000000002,162.596,51.975
magnitude_db,2.2800000000000002,162.602,51.974
magnitude_db,2.3000000000000003,162.603,51.973
magnitude_db,2.32,162.606,51.972
magnitude_db,2.34,162.61,51.971
magnitude_db,2.36,162.626,51.97
magnitude_db,2.38,162.627,51.969
magnitude_db,2.4,162.614,51.968
magnitude_db,2.42,162.602,51.966
magnitude_db,2.44,162.631,51.965
magnitude_db,2.46,162.629,51.963
magnitude_db,2.48,162.618,51.962
magnitude_db,2.5,162.625,51.961
magnitude_db,2.52,162.627,51.959
magnitude_db,2.54,162.641,51.958
magnitude_db,2.56,162.629,51.956
magnitude_db,2.58,162.63,51.955
magnitude_db,2.6,162.633,51.953
magnitude_db,2.62,162.637,51.952
magnitude_db,2.64,162.639,51.95
magnitude_db,2.66,162.639,51.948
magnitude_db,2.68,162.644,51.947
magnitude_db,2.7,162.642,51.945
magnitude_db,2.72,162.645,51.944
magnitude_db,2.74,162.652,51.942
magnitude_db,2.7600000000000002,162.639,51.941
magnitude_db,2.7800000000000002,162.641,51.939
magnitude_db,2.8000000000000003,162.651,51.937
magnitude_db,2.82,162.64,51.936
magnitude_db,2.84,162.642,51.934
magnitude_db,2.86,162.652,51.933
magnitude_db,2.88,162.635,51.931
magnitude_db,2.9,162.651,51.93
magnitude_db,2.92,162.659,51.928
magnitude_db,2.94,162.642,51.927
magnitude_db,2.96,162.646,51.925
magnitude_db,2.98,162.66,51.924
magnitude_db,3.0,162.63,51.922
magnitude_db,3.02,162.647,51.921
magnitude_db,3.04,162.641,51.919
magnitude_db,3.06,162.662,51.918
magnitude_db,3.08,162.643,51.916
magnitude_db,3.1,162.656,51.915
magnitude_db,3.12,162.653,51.913
magnitude_db,3.14,162.656,51.912
magnitude_db,3.16,162.666,51.91
magnitude_db,3.18,162.671,51.909
magnitude_db,3.2,162.661,51.908
magnitude_db,3.22,162.658,51.906
magnitude_db,3.24,162.664,51.905
magnitude_db,3.2600000000000002,162.649,51.904
magnitude_db,3.2800000000000002,162.661,51.902
magnitude_db,3.3000000000000003,162.661,51.901
magnitude_db,3.3200000000000003,162.659,51.9
magnitude_db,3.34,162.657,51.898
magnitude_db,3.36,162.661,51.897
magnitude_db,3.38,162.665,51.896
magnitude_db,3.4,162.659,51.895
magnitude_db,3.42,162.671,51.893
magnitude_db,3.44,162.664,51.892
magnitude_db,3.46,162.661,51.891
magnitude_db,3.48,162.668,51.89
magnitude_db,3.5,162.656,51.889
magnitude_db,3.52,162.671,51.887
magnitude_db,3.54,162.674,51.886
magnitude_db,3.56,162.669,51.885
magnitude_db,3.58,162.675,51.884
magnitude_db,3.6,162.667,51.883
magnitude_db,3.62,162.681,51.882
magnitude_db,3.64,162.674,51.881
magnitude_db,3.66,162.661,51.88
magnitude_db,3.68,162.666,51.878
magnitude_db,3.7,162.675,51.877
magnitude_db,3.72,162.678,51.876
magnitude_db,3.74,162.66,51.875
magnitude_db,3.7600000000000002,162.676,51.874
magnitude_db,3.7800000000000002,162.67,51.873
magnitude_db,3.8000000000000003,162.677,51.872
magnitude_db,3.8200000000000003,162.674,51.871
magnitude_db,3.84,162.675,51.87
magnitude_db,3.86,162.668,51.869
magnitude_db,3.88,162.672,51.868
magnitude_db,3.9,162.672,51.867
magnitude_db,3.92,162.675,51.867
magnitude_db,3.94,162.669,51.866
magnitude_db,3.96,162.67,51.865
magnitude_db,3.98,162.674,51.864
magnitude_db,4.0,162.681,51.863
magnitude_db,4.0200000000000005,162.684,51.862
magnitude_db,4.04,162.692,51.861
magnitude_db,4.0600000000000005,162.668,51.86
magnitude_db,4.08,162.669,51.859
magnitude_db,4.1,162.684,51.859
magnitude_db,4.12,162.678,51.858
magnitude_db,4.14,162.679,51.857
magnitude_db,4.16,162.676,51.856
magnitude_db,4.18,162.669,51.855
magnitude_db,4.2,162.67,51.854
magnitude_db,4.22,162.675,51.854
magnitude_db,4.24,162.67,51.853
magnitude_db,4.26,162.684,51.852
magnitude_db,4.28,162.683,51.851
magnitude_db,4.3,162.683,51.851
magnitude_db,4.32,162.687,51.85
magnitude_db,4.34,162.686,51.849
magnitude_db,4.36,162.684,51.848
magnitude_db,4.38,162.693,51.848
magnitude_db,4.4,162.676,51.847
magnitude_db,4.42,162.686,51.846
magnitude_db,4.44,162.684,51.845
magnitude_db,4.46,162.682,51.845
magnitude_db,4.48,162.692,51.844
magnitude_db,4.5,162.675,51.843
magnitude_db,4.5200000000000005,162.678,51.843
magnitude_db,4.54,162.684,51.842
magnitude_db,4.5600000000000005,162.691,51.841
magnitude_db,4.58,162.702,51.841
magnitude_db,4.6000000000000005,162.676,51.84
magnitude_db,4.62,162.678,51.84
magnitude_db,4.64,162.682,51.839
magnitude_db,4.66,162.681,51.838
magnitude_db,4.68,162.682,51.838
magnitude_db,4.7,162.692,51.837
magnitude_db,4.72,162.693,51.836
magnitude_db,4.74,162.688,51.836
magnitude_db,4.76,162.688,51.835
magnitude_db,4.78,162.684,51.835
magnitude_db,4.8,162.687,51.834
magnitude_db,4.82,162.696,51.834
magnitude_db,4.84,162.69,51.833
magnitude_db,4.86,162.69,51.832
magnitude_db,4.88,162.693,51.832
magnitude_db,4.9,162.696,51.831
magnitude_db,4.92,162.695,51.831
magnitude_db,4.94,162.693,51.83
magnitude_db,4.96,162.692,51.83
magnitude_db,4.98,162.688,51.829
magnitude_db,5.0,162.691,51.829
magnitude_db,5.0200000000000005,162.703,51.828
magnitude_db,5.04,162.69,51.828
magnitude_db,5.0600000000000005,162.688,51.827
magnitude_db,5.08,162.694,51.827
magnitude_db,5.1000000000000005,162.693,51.826
magnitude_db,5.12,162.697,51.826
magnitude_db,5.14,162.699,51.825
magnitude_db,5.16,162.703,51.825
magnitude_db,5.18,162.707,51.824
magnitude_db,5.2,162.713,51.824
magnitude_db,5.22,162.694,51.823
magnitude_db,5.24,162.697,51.823
magnitude_db,5.26,162.703,51.822
magnitude_db,5.28,162.692,51.822
magnitude_db,5.3,162.697,51.821
magnitude_db,5.32,162.704,51.821
magnitude_db,5.34,162.706,51.821
magnitude_db,5.36,162.703,51.82
magnitude_db,5.38,162.697,51.82
magnitude_db,5.4,162.705,51.819
magnitude_db,5.42,162.702,51.819
magnitude_db,5.44,162.71,51.819
magnitude_db,5.46,162.704,51.818
magnitude_db,5.48,162.691,51.818
magnitude_db,5.5,162.691,51.817
magnitude_db,5.5200000000000005,162.701,51.817
magnitude_db,5.54,162.712,51.816
magnitude_db,5.5600000000000005,162.701,51.816
magnitude_db,5.58,162.7,51.816
magnitude_db,5.6000000000000005,162.708,51.815
magnitude_db,5.62,162.694,51.815
magnitude_db,5.64,162.699,51.815
magnitude_db,5.66,162.7,51.814
magnitude_db,5.68,162.705,51.814
magnitude_db,5.7,162.698,51.813
magnitude_db,5.72,162.692,51.813
magnitude_db,5.74,162.703,51.813
magnitude_db,5.76,162.7,51.812
magnitude_db,5.78,162.699,51.812
magnitude_db,5.8,162.718,51.812
magnitude_db,5.82,162.705,51.811
magnitude_db,5.84,162.708,51.811
magnitude_db,5.86,162.707,51.811
magnitude_db,5.88,162.709,51.81
magnitude_db,5.9,162.697,51.81
magnitude_db,5.92,162.704,51.81
magnitude_db,5.94,162.712,51.809
magnitude_db,5.96,162.706,51.809
magnitude_db,5.98,162.704,51.809
magnitude_db,6.0,162.71,51.808
magnitude_db,6.0200000000000005,162.699,51.808
magnitude_db,6.04,162.705,51.808
magnitude_db,6.0600000000000005,162.705,51.807
magnitude_db,6.08,162.705,51.807
magnitude_db,6.1000000000000005,162.7,51.807
magnitude_db,6.12,162.705,51.807
magnitude_db,6.140000000000001,162.713,51.806
magnitude_db,6.16,162.712,51.806
magnitude_db,6.18,162.711,51.806
magnitude_db,6.2,162.709,51.805
magnitude_db,6.22,162.712,51.805
magnitude_db,6.24,162.713,51.805
magnitude_db,6.26,162.702,51.804
magnitude_db,6.28,162.71,51.804
magnitude_db,6.3,162.712,51.804
magnitude_db,6.32,162.706,51.804
magnitude_db,6.34,162.709,51.803
magnitude_db,6.36,162.714,51.803
magnitude_db,6.38,162.706,51.803
magnitude_db,6.4,162.702,51.803
magnitude_db,6.42,162.715,51.802
magnitude_db,6.44,162.714,51.802
magnitude_db,6.46,162.713,51.802
magnitude_db,6.48,162.709,51.802
magnitude_db,6.5,162.711,51.801
magnitude_db,6.5200000000000005,162.699,51.801
magnitude_db,6.54,162.714,51.801
magnitude_db,6.5600000000000005,162.711,51.8
magnitude_db,6.58,162.711,51.8
magnitude_db,6.6000000000000005,162.722,51.8
magnitude_db,6.62,162.719,51.8
magnitude_db,6.640000000000001,162.714,51.8
magnitude_db,6.66,162.71,51.799
magnitude_db,6.68,162.715,51.799
magnitude_db,6.7,162.724,51.799
magnitude_db,6.72,162.714,51.799
magnitude_db,6.74,162.717,51.798
magnitude_db,6.76,162.72,51.798
magnitude_db,6.78,162.71,51.798
magnitude_db,6.8,162.711,51.798
magnitude_db,6.82,162.714,51.797
magnitude_db,6.84,162.712,51.797
magnitude_db,6.86,162.717,51.797
magnitude_db,6.88,162.722,51.797
magnitude_db,6.9,162.717,51.797
magnitude_db,6.92,162.719,51.796
magnitude_db,6.94,162.72,51.796
magnitude_db,6.96,162.722,51.796
magnitude_db,6.98,162.716,51.796
magnitude_db,7.0,162.718,51.796
magnitude_db,7.0200000000000005,162.717,51.795
magnitude_db,7.04,162.724,51.795
magnitude_db,7.0600000000000005,162.712,51.795
magnitude_db,7.08,162.721,51.795
magnitude_db,7.1000000000000005,162.715,51.794
magnitude_db,7.12,162.709,51.794
magnitude_db,7.140000000000001,162.709,51.794
magnitude_db,7.16,162.709,51.794
magnitude_db,7.18,162.713,51.794
magnitude_db,7.2,162.713,51.794
magnitude_db,7.22,162.719,51.793
magnitude_db,7.24,162.706,51.793
magnitude_db,7.26,162.715,51.793
magnitude_db,7.28,162.709,51.793
magnitude_db,7.3,162.71,51.793
magnitude_db,7.32,162.719,51.792
magnitude_db,7.34,162.713,51.792
magnitude_db,7.36,162.718,51.792
magnitude_db,7.38,162.709,51.792
magnitude_db,7.4,162.72,51.792
magnitude_db,7.42,162.714,51.792
magnitude_db,7.44,162.714,51.791
magnitude_db,7.46,162.708,51.791
magnitude_db,7.48,162.709,51.791
magnitude_db,7.5,162.712,51.791
magnitude_db,7.5200000000000005,162.718,51.791
magnitude_db,7.54,162.715,51.79
magnitude_db,7.5600000000000005,162.719,51.79
magnitude_db,7.58,162.722,51.79
magnitude_db,7.6000000000000005,162.709,51.79
magnitude_db,7.62,162.708,51.79
magnitude_db,7.640000000000001,162.71,51.79
magnitude_db,7.66,162.712,51.79
magnitude_db,7.68,162.713,51.789
magnitude_db,7.7,162.711,51.789
magnitude_db,7.72,162.721,51.789
magnitude_db,7.74,162.72,51.789
magnitude_db,7.76,162.705,51.789
magnitude_db,7.78,162.704,51.789
magnitude_db,7.8,162.713,51.788
magnitude_db,7.82,162.713,51.788
magnitude_db,7.84,162.715,51.788
magnitude_db,7.86,162.715,51.788
magnitude_db,7.88,162.718,51.788
magnitude_db,7.9,162.714,51.788
magnitude_db,7.92,162.716,51.788
magnitude_db,7.94,162.706,51.787
magnitude_db,7.96,162.71,51.787
magnitude_db,7.98,162.711,51.787
magnitude_db,8.0,162.714,51.787
magnitude_db,8.02,162.723,51.787
magnitude_db,8.040000000000001,162.715,51.787
magnitude_db,8.06,162.709,51.787
magnitude_db,8.08,162.709,51.786
magnitude_db,8.1,162.712,51.786
magnitude_db,8.120000000000001,162.708,51.786
magnitude_db,8.14,162.705,51.786
magnitude_db,8.16,162.706,51.786
magnitude_db,8.18,162.704,51.786
magnitude_db,8.2,162.71,51.786
magnitude_db,8.22,162.699,51.785
magnitude_db,8.24,162.702,51.785
magnitude_db,8.26,162.699,51.785
magnitude_db,8.28,162.703,51.785
magnitude_db,8.3,162.709,51.785
magnitude_db,8.32,162.712,51.785
magnitude_db,8.34,162.706,51.785
magnitude_db,8.36,162.707,51.785
magnitude_db,8.38,162.71,51.784
magnitude_db,8.4,162.711,51.784
magnitude_db,8.42,162.697,51.784
magnitude_db,8.44,162.703,51.784
magnitude_db,8.46,162.703,51.784
magnitude_db,8.48,162.702,51.784
magnitude_db,8.5,162.697,51.784
magnitude_db,8.52,162.701,51.784
magnitude_db,8.540000000000001,162.699,51.783
magnitude_db,8.56,162.701,51.783
magnitude_db,8.58,162.706,51.783
magnitude_db,8.6,162.705,51.783
magnitude_db,8.620000000000001,162.697,51.783
magnitude_db,8.64,162.702,51.783
magnitude_db,8.66,162.699,51.783
magnitude_db,8.68,162.703,51.783
magnitude_db,8.700000000000001,162.7,51.783
magnitude_db,8.72,162.702,51.782
magnitude_db,8.74,162.704,51.782
magnitude_db,8.76,162.715,51.782
magnitude_db,8.78,162.708,51.782
magnitude_db,8.8,162.698,51.782
magnitude_db,8.82,162.69,51.782
magnitude_db,8.84,162.695,51.782
magnitude_db,8.86,162.695,51.782
magnitude_db,8.88,162.698,51.782
magnitude_db,8.9,162.7,51.781
magnitude_db,8.92,162.694,51.781
magnitude_db,8.94,162.694,51.781
magnitude_db,8.96,162.697,51.781
magnitude_db,8.98,162.697,51.781
magnitude_db,9.0,162.698,51.781
magnitude_db,9.02,162.698,51.781
magnitude_db,9.040000000000001,162.697,51.781
magnitude_db,9.06,162.689,51.781
magnitude_db,9.08,162.69,51.781
magnitude_db,9.1,162.692,51.78
magnitude_db,9.120000000000001,162.688,51.78
magnitude_db,9.14,162.701,51.78
magnitude_db,9.16,162.689,51.78
magnitude_db,9.18,162.676,51.78
magnitude_db,9.200000000000001,162.687,51.78
magnitude_db,9.22,162.695,51.78
magnitude_db,9.24,162.695,51.78
magnitude_db,9.26,162.691,51.78
magnitude_db,9.28,162.686,51.78
magnitude_db,9.3,162.682,51.78
magnitude_db,9.32,162.682,51.779
magnitude_db,9.34,162.696,51.779
magnitude_db,9.36,162.688,51.779
magnitude_db,9.38,162.683,51.779
magnitude_db,9.4,162.683,51.779
magnitude_db,9.42,162.686,51.779
magnitude_db,9.44,162.679,51.779
magnitude_db,9.46,162.67,51.779
magnitude_db,9.48,162.668,51.779
magnitude_db,9.5,162.667,51.779
magnitude_db,9.52,162.668,51.779
magnitude_db,9.540000000000001,162.683,51.778
magnitude_db,9.56,162.687,51.778
magnitude_db,9.58,162.677,51.778
magnitude_db,9.6,162.676,51.778
magnitude_db,9.620000000000001,162.683,51.778
magnitude_db,9.64,162.676,51.778
magnitude_db,9.66,162.671,51.778
magnitude_db,9.68,162.676,51.778
magnitude_db,9.700000000000001,162.676,51.778
magnitude_db,9.72,162.67,51.778
magnitude_db,9.74,162.669,51.778
magnitude_db,9.76,162.679,51.778
magnitude_db,9.78,162.678,51.777
magnitude_db,9.8,162.67,51.777
magnitude_db,9.82,162.674,51.777
magnitude_db,9.84,162.673,51.777
magnitude_db,9.86,162.665,51.777
magnitude_db,9.88,162.666,51.777
magnitude_db,9.9,162.654,51.777
magnitude_db,9.92,162.652,51.777
magnitude_db,9.94,162.663,51.777
magnitude_db,9.96,162.673,51.777
magnitude_db,9.98,162.669,51.777
magnitude_db,10.0,162.664,51.777
magnitude_db,10.02,162.669,51.777
magnitude_db,10.040000000000001,162.658,51.776
magnitude_db,10.06,162.652,51.776
magnitude_db,10.08,162.657,51.776
magnitude_db,10.1,162.653,51.776
magnitude_db,10.120000000000001,162.651,51.776
magnitude_db,10.14,162.651,51.776
magnitude_db,10.16,162.657,51.776
magnitude_db,10.18,162.655,51.776
magnitude_db,10.200000000000001,162.659,51.776
magnitude_db,10.22,162.662,51.776
magnitude_db,10.24,162.654,51.776
magnitude_db,10.26,162.653,51.776
magnitude_db,10.28,162.654,51.776
magnitude_db,10.3,162.647,51.776
magnitude_db,10.32,162.649,51.776
magnitude_db,10.34,162.641,51.775
magnitude_db,10.36,162.645,51.775
magnitude_db,10.38,162.65,51.775
magnitude_db,10.4,162.655,51.775
magnitude_db,10.42,162.657,51.775
magnitude_db,10.44,162.65,51.775
magnitude_db,10.46,162.636,51.775
magnitude_db,10.48,162.638,51.775
magnitude_db,10.5,162.639,51.775
magnitude_db,10.52,162.633,51.775
magnitude_db,10.540000000000001,162.634,51.775
magnitude_db,10.56,162.641,51.775
magnitude_db,10.58,162.641,51.775
magnitude_db,10.6,162.639,51.775
magnitude_db,10.620000000000001,162.631,51.775
magnitude_db,10.64,162.637,51.774
magnitude_db,10.66,162.628,51.774
magnitude_db,10.68,162.627,51.774
magnitude_db,10.700000000000001,162.637,51.774
magnitude_db,10.72,162.637,51.774
magnitude_db,10.74,162.627,51.774
magnitude_db,10.76,162.625,51.774
magnitude_db,10.78,162.622,51.774
magnitude_db,10.8,162.628,51.774
magnitude_db,10.82,162.621,51.774
magnitude_db,10.84,162.617,51.774
magnitude_db,10.86,162.615,51.774
magnitude_db,10.88,162.622,51.774
magnitude_db,10.9,162.624,51.774
magnitude_db,10.92,162.622,51.774
magnitude_db,10.94,162.616,51.774
magnitude_db,10.96,162.621,51.774
magnitude_db,10.98,162.617,51.773
magnitude_db,11.0,162.609,51.773
magnitude_db,11.02,162.61,51.773
magnitude_db,11.040000000000001,162.62,51.773
magnitude_db,11.06,162.615,51.773
magnitude_db,11.08,162.612,51.773
magnitude_db,11.1,162.599,51.773
magnitude_db,11.120000000000001,162.606,51.773
magnitude_db,11.14,162.61,51.773
magnitude_db,11.16,162.611,51.773
magnitude_db,11.18,162.607,51.773
magnitude_db,11.200000000000001,162.602,51.773
magnitude_db,11.22,162.612,51.773
magnitude_db,11.24,162.608,51.773
magnitude_db,11.26,162.604,51.773
magnitude_db,11.28,162.6,51.773
magnitude_db,11.3,162.604,51.773
magnitude_db,11.32,162.598,51.773
magnitude_db,11.34,162.6,51.772
magnitude_db,11.36,162.598,51.772
magnitude_db,11.38,162.604,51.772
magnitude_db,11.4,162.592,51.772
magnitude_db,11.42,162.585,51.772
magnitude_db,11.44,162.588,51.772
magnitude_db,11.46,162.587,51.772
magnitude_db,11.48,162.575,51.772
magnitude_db,11.5,162.58,51.772
magnitude_db,11.52,162.583,51.772
magnitude_db,11.540000000000001,162.588,51.772
magnitude_db,11.56,162.593,51.772
magnitude_db,11.58,162.581,51.772
magnitude_db,11.6,162.58,51.772
magnitude_db,11.620000000000001,162.581,51.772
magnitude_db,11.64,162.58,51.772
magnitude_db,11.66,162.572,51.772
magnitude_db,11.68,162.568,51.772
magnitude_db,11.700000000000001,162.571,51.772
magnitude_db,11.72,162.571,51.772
magnitude_db,11.74,162.572,51.772
magnitude_db,11.76,162.572,51.771
magnitude_db,11.78,162.573,51.771
magnitude_db,11.8,162.571,51.771
magnitude_db,11.82,162.566,51.771
magnitude_db,11.84,162.567,51.771
magnitude_db,11.86,162.565,51.771
magnitude_db,11.88,162.56,51.771
magnitude_db,11.9,162.56,51.771
magnitude_db,11.92,162.558,51.771
magnitude_db,11.94,162.56,51.771
magnitude_db,11.96,162.558,51.771
magnitude_db,11.98,162.555,51.771
magnitude_db,12.0,162.561,51.771
magnitude_db,12.02,162.557,51.771
magnitude_db,12.040000000000001,162.539,51.771
magnitude_db,12.06,162.542,51.771
magnitude_db,12.08,162.555,51.771
magnitude_db,12.1,162.55,51.771
magnitude_db,12.120000000000001,162.555,51.771
magnitude_db,12.14,162.554,51.771
magnitude_db,12.16,162.541,51.771
magnitude_db,12.18,162.545,51.771
magnitude_db,12.200000000000001,162.552,51.771
magnitude_db,12.22,162.536,51.77
magnitude_db,12.24,162.535,51.77
magnitude_db,12.26,162.54,51.77
magnitude_db,12.280000000000001,162.529,51.77
magnitude_db,12.3,162.525,51.77
magnitude_db,12.32,162.54,51.77
magnitude_db,12.34,162.536,51.77
magnitude_db,12.36,162.526,51.77
magnitude_db,12.38,162.523,51.77
magnitude_db,12.4,162.521,51.77
magnitude_db,12.42,162.523,51.77
magnitude_db,12.44,162.524,51.77
magnitude_db,12.46,162.519,51.77
magnitude_db,12.48,162.517,51.77
magnitude_db,12.5,162.513,51.77
magnitude_db,12.52,162.516,51.77
magnitude_db,12.540000000000001,162.52,51.77
magnitude_db,12.56,162.511,51.77
magnitude_db,12.58,162.509,51.77
magnitude_db,12.6,162.508,51.77
magnitude_db,12.620000000000001,162.505,51.77
magnitude_db,12.64,162.501,51.77
magnitude_db,12.66,162.503,51.77
magnitude_db,12.68,162.505,51.77
magnitude_db,12.700000000000001,162.511,51.77
magnitude_db,12.72,162.505,51.769
magnitude_db,12.74,162.502,51.769
magnitude_db,12.76,162.49,51.769
magnitude_db,12.780000000000001,162.496,51.769
magnitude_db,12.8,162.502,51.769
magnitude_db,12.82,162.499,51.769
magnitude_db,12.84,162.5,51.769
magnitude_db,12.86,162.505,51.769
magnitude_db,12.88,162.487,51.769
magnitude_db,12.9,162.477,51.769
magnitude_db,12.92,162.479,51.769
magnitude_db,12.94,162.489,51.769
magnitude_db,12.96,162.489,51.769
magnitude_db,12.98,162.491,51.769
magnitude_db,13.0,162.482,51.769
magnitude_db,13.02,162.481,51.769
magnitude_db,13.040000000000001,162.48,51.769
magnitude_db,13.06,162.475,51.769
magnitude_db,13.08,162.474,51.769
magnitude_db,13.1,162.473,51.769
magnitude_db,13.120000000000001,162.476,51.769
magnitude_db,13.14,162.471,51.769
magnitude_db,13.16,162.474,51.769
magnitude_db,13.18,162.46,51.769
magnitude_db,13.200000000000001,162.46,51.769
magnitude_db,13.22,162.46,51.769
magnitude_db,13.24,162.459,51.769
magnitude_db,13.26,162.456,51.769
magnitude_db,13.280000000000001,162.456,51.769
magnitude_db,13.3,162.466,51.768
magnitude_db,13.32,162.467,51.768
magnitude_db,13.34,162.455,51.768
magnitude_db,13.36,162.453,51.768
magnitude_db,13.38,162.454,51.768
magnitude_db,13.4,162.453,51.768
magnitude_db,13.42,162.44,51.768
magnitude_db,13.44,162.427,51.768
magnitude_db,13.46,162.428,51.768
magnitude_db,13.48,162.445,51.768
magnitude_db,13.5,162.44,51.768
magnitude_db,13.52,162.44,51.768
magnitude_db,13.540000000000001,162.443,51.768
magnitude_db,13.56,162.443,51.768
magnitude_db,13.58,162.439,51.768
magnitude_db,13.6,162.426,51.768
magnitude_db,13.620000000000001,162.424,51.768
magnitude_db,13.64,162.42,51.768
magnitude_db,13.66,162.417,51.768
magnitude_db,13.68,162.432,51.768
magnitude_db,13.700000000000001,162.428,51.768
magnitude_db,13.72,162.411,51.768
magnitude_db,13.74,162.412,51.768
magnitude_db,13.76,162.413,51.768
magnitude_db,13.780000000000001,162.416,51.768
magnitude_db,13.8,162.414,51.768
magnitude_db,13.82,162.406,51.768
magnitude_db,13.84,162.401,51.768
magnitude_db,13.86,162.395,51.768
magnitude_db,13.88,162.403,51.768
magnitude_db,13.9,162.396,51.768
magnitude_db,13.92,162.396,51.768
magnitude_db,13.94,162.391,51.768
magnitude_db,13.96,162.387,51.768
magnitude_db,13.98,162.382,51.767
magnitude_db,14.0,162.391,51.767
magnitude_db,14.02,162.401,51.767
magnitude_db,14.040000000000001,162.399,51.767
magnitude_db,14.06,162.397,51.767
magnitude_db,14.08,162.39,51.767
magnitude_db,14.1,162.38,51.767
magnitude_db,14.120000000000001,162.384,51.767
magnitude_db,14.14,162.378,51.767
magnitude_db,14.16,162.368,51.767
magnitude_db,14.18,162.366,51.767
magnitude_db,14.200000000000001,162.374,51.767
magnitude_db,14.22,162.375,51.767
magnitude_db,14.24,162.368,51.767
magnitude_db,14.26,162.357,51.767
magnitude_db,14.280000000000001,162.359,51.767
magnitude_db,14.3,162.356,51.767
magnitude_db,14.32,162.361,51.767
magnitude_db,14.34,162.36,51.767
magnitude_db,14.36,162.359,51.767
magnitude_db,14.38,162.356,51.767
magnitude_db,14.4,162.339,51.767
magnitude_db,14.42,162.342,51.767
magnitude_db,14.44,162.347,51.767
magnitude_db,14.46,162.341,51.767
magnitude_db,14.48,162.346,51.767
magnitude_db,14.5,162.344,51.767
magnitude_db,14.52,162.344,51.767
magnitude_db,14.540000000000001,162.333,51.767
magnitude_db,14.56,162.335,51.767
magnitude_db,14.58,162.332,51.767
magnitude_db,14.6,162.333,51.767
magnitude_db,14.620000000000001,162.337,51.767
magnitude_db,14.64,162.332,51.767
magnitude_db,14.66,162.329,51.767
magnitude_db,14.68,162.322,51.767
magnitude_db,14.700000000000001,162.325,51.767
magnitude_db,14.72,162.326,51.767
magnitude_db,14.74,162.319,51.767
magnitude_db,14.76,162.315,51.766
magnitude_db,14.780000000000001,162.312,51.766
magnitude_db,14.8,162.308,51.766
magnitude_db,14.82,162.299,51.766
magnitude_db,14.84,162.304,51.766
magnitude_db,14.86,162.303,51.766
magnitude_db,14.88,162.302,51.766
magnitude_db,14.9,162.297,51.766
magnitude_db,14.92,162.298,51.766
magnitude_db,14.94,162.297,51.766
magnitude_db,14.96,162.293,51.766
magnitude_db,14.98,162.29,51.766
magnitude_db,15.0,162.286,51.766
magnitude_db,15.02,162.282,51.766
magnitude_db,15.040000000000001,162.289,51.766
magnitude_db,15.06,162.288,51.766
magnitude_db,15.08,162.284,51.766
magnitude_db,15.1,162.281,51.766
magnitude_db,15.120000000000001,162.277,51.766
magnitude_db,15.14,162.275,51.766
magnitude_db,15.16,162.277,51.766
magnitude_db,15.18,162.277,51.766
magnitude_db,15.200000000000001,162.267,51.766
magnitude_db,15.22,162.256,51.766
magnitude_db,15.24,162.255,51.766
magnitude_db,15.26,162.262,51.766
magnitude_db,15.280000000000001,162.262,51.766
magnitude_db,15.3,162.246,51.766
magnitude_db,15.32,162.248,51.766
magnitude_db,15.34,162.257,51.766
magnitude_db,15.36,162.255,51.766
magnitude_db,15.38,162.252,51.766
magnitude_db,15.4,162.249,51.766
magnitude_db,15.42,162.243,51.766
magnitude_db,15.44,162.237,51.766
magnitude_db,15.46,162.23,51.766
magnitude_db,15.48,162.234,51.766
magnitude_db,15.5,162.226,51.766
magnitude_db,15.52,162.23,51.766
magnitude_db,15.540000000000001,162.227,51.766
magnitude_db,15.56,162.222,51.766
magnitude_db,15.58,162.219,51.766
magnitude_db,15.6,162.224,51.766
magnitude_db,15.620000000000001,162.231,51.766
magnitude_db,15.64,162.229,51.766
magnitude_db,15.66,162.22,51.766
magnitude_db,15.68,162.217,51.765
magnitude_db,15.700000000000001,162.216,51.765
magnitude_db,15.72,162.209,51.765
magnitude_db,15.74,162.211,51.765
magnitude_db,15.76,162.212,51.765
magnitude_db,15.780000000000001,162.2,51.765
magnitude_db,15.8,162.193,51.765
magnitude_db,15.82,162.197,51.765
magnitude_db,15.84,162.198,51.765
magnitude_db,15.860000000000001,162.2,51.765
magnitude_db,15.88,162.201,51.765
magnitude_db,15.9,162.195,51.765
magnitude_db,15.92,162.189,51.765
magnitude_db,15.94,162.189,51.765
magnitude_db,15.96,162.186,51.765
magnitude_db,15.98,162.181,51.765
magnitude_db,16.0,162.169,51.765
phase_deg,0.04,-3.32,177.14
phase_deg,0.06,-4.167,175.706
phase_deg,0.08,-7.238,174.267
phase_deg,0.1,-8.986,172.822
phase_deg,0.12,-9.809,171.368
phase_deg,0.14,-11.1,169.904
phase_deg,0.16,-13.074,168.429
phase_deg,0.18,-14.498,166.941
phase_deg,0.2,-16.169,165.439
phase_deg,0.22,-17.748,163.92
phase_deg,0.24,-18.75,162.383
phase_deg,0.26,-21.085,160.828
phase_deg,0.28,-23.134,159.252
phase_deg,0.3,-24.45,157.655
phase_deg,0.32,-26.387,156.034
phase_deg,0.34,-28.166,154.39
phase_deg,0.36,-30.099,152.72
phase_deg,0.38,-31.224,151.024
phase_deg,0.4,-33.155,149.301
phase_deg,0.42,-35.388,147.55
phase_deg,0.44,-36.953,145.771
phase_deg,0.46,-39.316,143.964
phase_deg,0.48,-40.974,142.129
phase_deg,0.5,-42.705,140.265
phase_deg,0.52,-44.468,138.374
phase_deg,0.54,-47.002,136.455
phase_deg,0.56,-48.738,134.51
phase_deg,0.58,-50.693,132.54
phase_deg,0.6,-52.844,130.547
phase_deg,0.62,-54.744,128.531
phase_deg,0.64,-56.877,126.496
phase_deg,0.66,-58.933,124.444
phase_deg,0.68,-61.492,122.378
phase_deg,0.7000000000000001,-63.113,120.299
phase_deg,0.72,-65.059,118.212
phase_deg,0.74,-67.257,116.12
phase_deg,0.76,-69.406,114.025
phase_deg,0.78,-71.107,111.933
phase_deg,0.8,-73.445,109.845
phase_deg,0.8200000000000001,-75.44,107.767
phase_deg,0.84,-77.179,105.701
phase_deg,0.86,-79.055,103.65
phase_deg,0.88,-81.208,101.619
phase_deg,0.9,-82.899,99.611
phase_deg,0.92,-84.858,97.627
phase_deg,0.9400000000000001,-86.325,95.672
phase_deg,0.96,-88.426,93.748
phase_deg,0.98,-90.348,91.857
phase_deg,1.0,-92.023,90.001
phase_deg,1.02,-93.486,88.181
phase_deg,1.04,-95.288,86.4
phase_deg,1.06,-97.214,84.658
phase_deg,1.08,-98.523,82.957
phase_deg,1.1,-100.322,81.296
phase_deg,1.12,-101.405,79.676
phase_deg,1.1400000000000001,-102.99,78.099
phase_deg,1.16,-104.574,76.562
phase_deg,1.18,-105.933,75.067
phase_deg,1.2,-107.125,73.614
phase_deg,1.22,-108.859,72.201
phase_deg,1.24,-109.84,70.828
phase_deg,1.26,-111.181,69.494
phase_deg,1.28,-112.36,68.199
phase_deg,1.3,-113.378,66.942
phase_deg,1.32,-114.665,65.722
phase_deg,1.34,-116.013,64.538
phase_deg,1.36,-116.983,63.389
phase_deg,1.3800000000000001,-117.877,62.274
phase_deg,1.4000000000000001,-118.876,61.192
phase_deg,1.42,-119.742,60.142
phase_deg,1.44,-121.16,59.124
phase_deg,1.46,-122.007,58.135
phase_deg,1.48,-123.047,57.176
phase_deg,1.5,-123.901,56.244
phase_deg,1.52,-124.57,55.34
phase_deg,1.54,-125.464,54.462
phase_deg,1.56,-126.285,53.609
phase_deg,1.58,-127.277,52.781
phase_deg,1.6,-127.844,51.977
phase_deg,1.62,-128.503,51.195
phase_deg,1.6400000000000001,-129.502,50.435
phase_deg,1.6600000000000001,-130.162,49.696
phase_deg,1.68,-130.879,48.978
phase_deg,1.7,-131.53,48.279
phase_deg,1.72,-132.174,47.599
phase_deg,1.74,-132.853,46.938
phase_deg,1.76,-133.492,46.294
phase_deg,1.78,-134.107,45.667
phase_deg,1.8,-134.739,45.056
phase_deg,1.82,-135.33,44.462
phase_deg,1.84,-135.984,43.882
phase_deg,1.86,-136.45,43.317
phase_deg,1.8800000000000001,-137.027,42.767
phase_deg,1.9000000000000001,-137.539,42.23
phase_deg,1.92,-138.005,41.706
phase_deg,1.94,-138.728,41.196
phase_deg,1.96,-139.072,40.697
phase_deg,1.98,-139.553,40.21
phase_deg,2.0,-140.072,39.735
phase_deg,2.02,-140.689,39.271
phase_deg,2.04,-141.003,38.818
phase_deg,2.06,-141.45,38.376
phase_deg,2.08,-141.919,37.943
phase_deg,2.1,-142.375,37.52
phase_deg,2.12,-142.764,37.106
phase_deg,2.14,-143.136,36.702
phase_deg,2.16,-143.507,36.306
phase_deg,2.18,-144.063,35.919
phase_deg,2.2,-144.331,35.541
phase_deg,2.22,-144.731,35.17
phase_deg,2.24,-145.137,34.807
phase_deg,2.2600000000000002,-145.555,34.452
phase_deg,2.2800000000000002,-145.893,34.104
phase_deg,2.3000000000000003,-146.198,33.763
phase_deg,2.32,-146.584,33.428
phase_deg,2.34,-146.931,33.101
phase_deg,2.36,-147.193,32.78
phase_deg,2.38,-147.61,32.465
phase_deg,2.4,-147.947,32.157
phase_deg,2.42,-148.297,31.854
phase_deg,2.44,-148.474,31.557
phase_deg,2.46,-148.832,31.266
phase_deg,2.48,-149.111,30.98
phase_deg,2.5,-149.447,30.7
phase_deg,2.52,-149.761,30.425
phase_deg,2.54,-149.997,30.154
phase_deg,2.56,-150.339,29.889
phase_deg,2.58,-150.549,29.628
phase_deg,2.6,-150.805,29.372
phase_deg,2.62,-151.045,29.121
phase_deg,2.64,-151.33,28.873
phase_deg,2.66,-151.647,28.63
phase_deg,2.68,-151.889,28.392
phase_deg,2.7,-152.148,28.157
phase_deg,2.72,-152.369,27.926
phase_deg,2.74,-152.586,27.699
phase_deg,2.7600000000000002,-152.885,27.476
phase_deg,2.7800000000000002,-153.095,27.257
phase_deg,2.8000000000000003,-153.31,27.041
phase_deg,2.82,-153.602,26.828
phase_deg,2.84,-153.805,26.619
phase_deg,2.86,-154.04,26.414
phase_deg,2.88,-154.26,26.211
phase_deg,2.9,-154.478,26.012
phase_deg,2.92,-154.744,25.815
phase_deg,2.94,-154.954,25.622
phase_deg,2.96,-155.138,25.432
phase_deg,2.98,-155.269,25.245
phase_deg,3.0,-155.563,25.06
phase_deg,3.02,-155.72,24.878
phase_deg,3.04,-155.901,24.699
phase_deg,3.06,-156.144,24.522
phase_deg,3.08,-156.373,24.349
phase_deg,3.1,-156.471,24.177
phase_deg,3.12,-156.646,24.008
phase_deg,3.14,-156.874,23.842
phase_deg,3.16,-157.051,23.677
phase_deg,3.18,-157.281,23.515
phase_deg,3.2,-157.481,23.356
phase_deg,3.22,-157.628,23.198
phase_deg,3.24,-157.805,23.043
phase_deg,3.2600000000000002,-158.047,22.89
phase_deg,3.2800000000000002,-158.221,22.739
phase_deg,3.3000000000000003,-158.361,22.59
phase_deg,3.3200000000000003,-158.494,22.443
phase_deg,3.34,-158.584,22.298
phase_deg,3.36,-158.803,22.154
phase_deg,3.38,-158.986,22.013
phase_deg,3.4,-159.119,21.873
phase_deg,3.42,-159.191,21.736
phase_deg,3.44,-159.342,21.6
phase_deg,3.46,-159.557,21.466
phase_deg,3.48,-159.667,21.333
phase_deg,3.5,-159.84,21.202
phase_deg,3.52,-159.995,21.073
phase_deg,3.54,-160.19,20.945
phase_deg,3.56,-160.271,20.819
phase_deg,3.58,-160.433,20.695
phase_deg,3.6,-160.617,20.572
phase_deg,3.62,-160.789,20.45
phase_deg,3.64,-160.975,20.33
phase_deg,3.66,-161.112,20.212
phase_deg,3.68,-161.169,20.095
phase_deg,3.7,-161.287,19.979
phase_deg,3.72,-161.428,19.864
phase_deg,3.74,-161.507,19.751
phase_deg,3.7600000000000002,-161.545,19.639
phase_deg,3.7800000000000002,-161.724,19.529
phase_deg,3.8000000000000003,-162.005,19.42
phase_deg,3.8200000000000003,-162.175,19.312
phase_deg,3.84,-162.239,19.205
phase_deg,3.86,-162.344,19.099
phase_deg,3.88,-162.424,18.995
phase_deg,3.9,-162.554,18.892
phase_deg,3.92,-162.687,18.79
phase_deg,3.94,-162.808,18.689
phase_deg,3.96,-162.945,18.589
phase_deg,3.98,-163.047,18.49
phase_deg,4.0,-163.178,18.392
phase_deg,4.0200000000000005,-163.264,18.295
phase_deg,4.04,-163.352,18.2
phase_deg,4.0600000000000005,-163.461,18.105
phase_deg,4.08,-163.606,18.011
phase_deg,4.1,-163.683,17.919
phase_deg,4.12,-163.78,17.827
phase_deg,4.14,-163.839,17.736
phase_deg,4.16,-164.043,17.647
phase_deg,4.18,-164.217,17.558
phase_deg,4.2,-164.366,17.47
phase_deg,4.22,-164.367,17.383
phase_deg,4.24,-164.505,17.296
phase_deg,4.26,-164.591,17.211
phase_deg,4.28,-164.798,17.127
phase_deg,4.3,-164.87,17.043
phase_deg,4.32,-164.871,16.96
phase_deg,4.34,-164.957,16.878
phase_deg,4.36,-165.042,16.797
phase_deg,4.38,-165.221,16.717
phase_deg,4.4,-165.37,16.637
phase_deg,4.42,-165.325,16.558
phase_deg,4.44,-165.454,16.48
phase_deg,4.46,-165.628,16.403
phase_deg,4.48,-165.694,16.326
phase_deg,4.5,-165.85,16.25
phase_deg,4.5200000000000005,-165.921,16.175
phase_deg,4.54,-165.972,16.101
phase_deg,4.5600000000000005,-166.079,16.027
phase_deg,4.58,-166.177,15.954
phase_deg,4.6000000000000005,-166.199,15.881
phase_deg,4.62,-166.261,15.81
phase_deg,4.64,-166.446,15.739
phase_deg,4.66,-166.557,15.668
phase_deg,4.68,-166.624,15.598
phase_deg,4.7,-166.684,15.529
phase_deg,4.72,-166.781,15.461
phase_deg,4.74,-166.927,15.393
phase_deg,4.76,-166.977,15.325
phase_deg,4.78,-167.163,15.259
phase_deg,4.8,-167.208,15.193
phase_deg,4.82,-167.238,15.127
phase_deg,4.84,-167.289,15.062
phase_deg,4.86,-167.42,14.998
phase_deg,4.88,-167.515,14.934
phase_deg,4.9,-167.613,14.87
phase_deg,4.92,-167.701,14.808
phase_deg,4.94,-167.772,14.745
phase_deg,4.96,-167.844,14.684
phase_deg,4.98,-167.911,14.622
phase_deg,5.0,-167.969,14.562
phase_deg,5.0200000000000005,-167.98,14.502
phase_deg,5.04,-168.198,14.442
phase_deg,5.0600000000000005,-168.281,14.383
phase_deg,5.08,-168.329,14.324
phase_deg,5.1000000000000005,-168.396,14.266
phase_deg,5.12,-168.493,14.208
phase_deg,5.14,-168.537,14.151
phase_deg,5.16,-168.61,14.094
phase_deg,5.18,-168.631,14.038
phase_deg,5.2,-168.642,13.982
phase_deg,5.22,-168.843,13.927
phase_deg,5.24,-168.948,13.872
phase_deg,5.26,-168.986,13.817
phase_deg,5.28,-169.059,13.763
phase_deg,5.3,-169.07,13.709
phase_deg,5.32,-169.157,13.656
phase_deg,5.34,-169.243,13.603
phase_deg,5.36,-169.35,13.551
phase_deg,5.38,-169.442,13.499
phase_deg,5.4,-169.581,13.447
phase_deg,5.42,-169.589,13.396
phase_deg,5.44,-169.665,13.345
phase_deg,5.46,-169.683,13.295
phase_deg,5.48,-169.722,13.245
phase_deg,5.5,-169.79,13.195
phase_deg,5.5200000000000005,-169.894,13.146
phase_deg,5.54,-169.992,13.097
phase_deg,5.5600000000000005,-170.099,13.048
phase_deg,5.58,-170.137,13.0
phase_deg,5.6000000000000005,-170.229,12.952
phase_deg,5.62,-170.276,12.905
phase_deg,5.64,-170.309,12.858
phase_deg,5.66,-170.398,12.811
phase_deg,5.68,-170.517,12.765
phase_deg,5.7,-170.551,12.718
phase_deg,5.72,-170.655,12.673
phase_deg,5.74,-170.69,12.627
phase_deg,5.76,-170.742,12.582
phase_deg,5.78,-170.834,12.537
phase_deg,5.8,-170.914,12.493
phase_deg,5.82,-170.958,12.449
phase_deg,5.84,-171.018,12.405
phase_deg,5.86,-171.128,12.362
phase_deg,5.88,-171.193,12.318
phase_deg,5.9,-171.221,12.275
phase_deg,5.92,-171.291,12.233
phase_deg,5.94,-171.319,12.191
phase_deg,5.96,-171.36,12.149
phase_deg,5.98,-171.429,12.107
phase_deg,6.0,-171.528,12.065
phase_deg,6.0200000000000005,-171.602,12.024
phase_deg,6.04,-171.651,11.984
phase_deg,6.0600000000000005,-171.725,11.943
phase_deg,6.08,-171.747,11.903
phase_deg,6.1000000000000005,-171.801,11.863
phase_deg,6.12,-171.827,11.823
phase_deg,6.140000000000001,-171.927,11.783
phase_deg,6.16,-172.069,11.744
phase_deg,6.18,-172.115,11.705
phase_deg,6.2,-172.143,11.667
phase_deg,6.22,-172.226,11.628
phase_deg,6.24,-172.293,11.59
phase_deg,6.26,-172.339,11.552
phase_deg,6.28,-172.352,11.514
phase_deg,6.3,-172.361,11.477
phase_deg,6.32,-172.435,11.44
phase_deg,6.34,-172.509,11.403
phase_deg,6.36,-172.625,11.366
phase_deg,6.38,-172.68,11.33
phase_deg,6.4,-172.746,11.293
phase_deg,6.42,-172.841,11.257
phase_deg,6.44,-172.838,11.222
phase_deg,6.46,-172.89,11.186
phase_deg,6.48,-172.914,11.151
phase_deg,6.5,-172.958,11.116
phase_deg,6.5200000000000005,-173.059,11.081
phase_deg,6.54,-173.132,11.046
phase_deg,6.5600000000000005,-173.161,11.012
phase_deg,6.58,-173.261,10.978
phase_deg,6.6000000000000005,-173.362,10.944
phase_deg,6.62,-173.367,10.91
phase_deg,6.640000000000001,-173.437,10.876
phase_deg,6.66,-173.474,10.843
phase_deg,6.68,-173.508,10.81
phase_deg,6.7,-173.543,10.777
phase_deg,6.72,-173.646,10.744
phase_deg,6.74,-173.716,10.712
phase_deg,6.76,-173.795,10.679
phase_deg,6.78,-173.787,10.647
phase_deg,6.8,-173.876,10.615
phase_deg,6.82,-173.965,10.583
phase_deg,6.84,-174.003,10.552
phase_deg,6.86,-174.061,10.52
phase_deg,6.88,-174.07,10.489
phase_deg,6.9,-174.094,10.458
phase_deg,6.92,-174.146,10.427
phase_deg,6.94,-174.19,10.397
phase_deg,6.96,-174.241,10.366
phase_deg,6.98,-174.278,10.336
phase_deg,7.0,-174.336,10.306
phase_deg,7.0200000000000005,-174.426,10.276
phase_deg,7.04,-174.476,10.246
phase_deg,7.0600000000000005,-174.503,10.217
phase_deg,7.08,-174.545,10.187
phase_deg,7.1000000000000005,-174.666,10.158
phase_deg,7.12,-174.673,10.129
phase_deg,7.140000000000001,-174.737,10.1
phase_deg,7.16,-174.781,10.071
phase_deg,7.18,-174.812,10.043
phase_deg,7.2,-174.884,10.014
phase_deg,7.22,-174.876,9.986
phase_deg,7.24,-174.985,9.958
phase_deg,7.26,-175.038,9.93
phase_deg,7.28,-175.052,9.902
phase_deg,7.3,-175.089,9.875
phase_deg,7.32,-175.214,9.847
phase_deg,7.34,-175.291,9.82
phase_deg,7.36,-175.301,9.793
phase_deg,7.38,-175.365,9.766
phase_deg,7.4,-175.403,9.739
phase_deg,7.42,-175.45,9.712
phase_deg,7.44,-175.526,9.686
phase_deg,7.46,-175.551,9.659
phase_deg,7.48,-175.589,9.633
phase_deg,7.5,-175.626,9.607
phase_deg,7.5200000000000005,-175.676,9.581
phase_deg,7.54,-175.721,9.555
phase_deg,7.5600000000000005,-175.832,9.529
phase_deg,7.58,-175.876,9.504
phase_deg,7.6000000000000005,-175.871,9.478
phase_deg,7.62,-175.904,9.453
phase_deg,7.640000000000001,-175.949,9.428
phase_deg,7.66,-176.054,9.403
phase_deg,7.68,-176.14,9.378
phase_deg,7.7,-176.108,9.353
phase_deg,7.72,-176.144,9.329
phase_deg,7.74,-176.233,9.304
phase_deg,7.76,-176.186,9.28
phase_deg,7.78,-176.247,9.256
phase_deg,7.8,-176.287,9.231
phase_deg,7.82,-176.373,9.207
phase_deg,7.84,-176.448,9.184
phase_deg,7.86,-176.507,9.16
phase_deg,7.88,-176.534,9.136
phase_deg,7.9,-176.548,9.113
phase_deg,7.92,-176.605,9.089
phase_deg,7.94,-176.688,9.066
phase_deg,7.96,-176.72,9.043
phase_deg,7.98,-176.721,9.02
phase_deg,8.0,-176.796,8.997
phase_deg,8.02,-176.911,8.974
phase_deg,8.040000000000001,-176.849,8.952
phase_deg,8.06,-176.897,8.929
phase_deg,8.08,-176.938,8.907
phase_deg,8.1,-177.066,8.885
phase_deg,8.120000000000001,-177.013,8.862
phase_deg,8.14,-177.069,8.84
phase_deg,8.16,-177.247,8.818
phase_deg,8.18,-177.249,8.796
phase_deg,8.2,-177.291,8.775
phase_deg,8.22,-177.312,8.753
phase_deg,8.24,-177.346,8.731
phase_deg,8.26,-177.464,8.71
phase_deg,8.28,-177.461,8.689
phase_deg,8.3,-177.493,8.667
phase_deg,8.32,-177.54,8.646
phase_deg,8.34,-177.535,8.625
phase_deg,8.36,-177.566,8.604
phase_deg,8.38,-177.648,8.584
phase_deg,8.4,-177.677,8.563
phase_deg,8.42,-177.741,8.542
phase_deg,8.44,-177.791,8.522
phase_deg,8.46,-177.862,8.501
phase_deg,8.48,-177.877,8.481
phase_deg,8.5,-177.933,8.461
phase_deg,8.52,-177.916,8.441
phase_deg,8.540000000000001,-177.985,8.421
phase_deg,8.56,-178.04,8.401
phase_deg,8.58,-178.103,8.381
phase_deg,8.6,-178.028,8.361
phase_deg,8.620000000000001,-178.125,8.341
phase_deg,8.64,-178.224,8.322
phase_deg,8.66,-178.316,8.302
phase_deg,8.68,-178.345,8.283
phase_deg,8.700000000000001,-178.359,8.264
phase_deg,8.72,-178.398,8.245
phase_deg,8.74,-178.425,8.225
phase_deg,8.76,-178.38,8.206
phase_deg,8.78,-178.461,8.188
phase_deg,8.8,-178.539,8.169
phase_deg,8.82,-178.616,8.15
phase_deg,8.84,-178.678,8.131
phase_deg,8.86,-178.694,8.113
phase_deg,8.88,-178.7,8.094
phase_deg,8.9,-178.708,8.076
phase_deg,8.92,-178.779,8.058
phase_deg,8.94,-178.84,8.039
phase_deg,8.96,-178.862,8.021
phase_deg,8.98,-178.892,8.003
phase_deg,9.0,-178.926,7.985
phase_deg,9.02,-178.994,7.967
phase_deg,9.040000000000001,-179.079,7.949
phase_deg,9.06,-179.119,7.932
phase_deg,9.08,-179.16,7.914
phase_deg,9.1,-179.2,7.896
phase_deg,9.120000000000001,-179.22,7.879
phase_deg,9.14,-179.23,7.861
phase_deg,9.16,-179.27,7.844
phase_deg,9.18,-179.316,7.827
phase_deg,9.200000000000001,-179.336,7.809
phase_deg,9.22,-179.373,7.792
phase_deg,9.24,-179.461,7.775
phase_deg,9.26,-179.53,7.758
phase_deg,9.28,-179.574,7.741
phase_deg,9.3,-179.55,7.725
phase_deg,9.32,-179.636,7.708
phase_deg,9.34,-179.641,7.691
phase_deg,9.36,-179.702,7.675
phase_deg,9.38,-179.748,7.658
phase_deg,9.4,-179.767,7.641
phase_deg,9.42,-179.796,7.625
phase_deg,9.44,-179.828,7.609
phase_deg,9.46,-179.898,7.593
phase_deg,9.48,179.978,7.576
phase_deg,9.5,179.967,7.56
phase_deg,9.52,179.928,7.544
phase_deg,9.540000000000001,179.938,7.528
phase_deg,9.56,179.856,7.512
phase_deg,9.58,179.79,7.496
phase_deg,9.6,179.8,7.481
phase_deg,9.620000000000001,179.791,7.465
phase_deg,9.64,179.748,7.449
phase_deg,9.66,179.679,7.434
phase_deg,9.68,179.635,7.418
phase_deg,9.700000000000001,179.653,7.403
phase_deg,9.72,179.674,7.387
phase_deg,9.74,179.566,7.372
phase_deg,9.76,179.507,7.357
phase_deg,9.78,179.476,7.342
phase_deg,9.8,179.443,7.326
phase_deg,9.82,179.409,7.311
phase_deg,9.84,179.356,7.296
phase_deg,9.86,179.349,7.281
phase_deg,9.88,179.306,7.267
phase_deg,9.9,179.257,7.252
phase_deg,9.92,179.189,7.237
phase_deg,9.94,179.148,7.222
phase_deg,9.96,179.141,7.208
phase_deg,9.98,179.077,7.193
phase_deg,10.0,179.059,7.178
phase_deg,10.02,179.008,7.164
phase_deg,10.040000000000001,178.933,7.15
phase_deg,10.06,178.984,7.135
phase_deg,10.08,178.964,7.121
phase_deg,10.1,178.909,7.107
phase_deg,10.120000000000001,178.858,7.093
phase_deg,10.14,178.757,7.078
phase_deg,10.16,178.736,7.064
phase_deg,10.18,178.733,7.05
phase_deg,10.200000000000001,178.676,7.036
phase_deg,10.22,178.641,7.023
phase_deg,10.24,178.56,7.009
phase_deg,10.26,178.54,6.995
phase_deg,10.28,178.549,6.981
phase_deg,10.3,178.52,6.967
phase_deg,10.32,178.497,6.954
phase_deg,10.34,178.501,6.94
phase_deg,10.36,178.427,6.927
phase_deg,10.38,178.375,6.913
phase_deg,10.4,178.359,6.9
phase_deg,10.42,178.289,6.887
phase_deg,10.44,178.259,6.873
phase_deg,10.46,178.234,6.86
phase_deg,10.48,178.192,6.847
phase_deg,10.5,178.112,6.834
phase_deg,10.52,178.094,6.821
phase_deg,10.540000000000001,178.048,6.807
phase_deg,10.56,178.013,6.794
phase_deg,10.58,177.995,6.781
phase_deg,10.6,177.935,6.769
phase_deg,10.620000000000001,177.891,6.756
phase_deg,10.64,177.893,6.743
phase_deg,10.66,177.738,6.73
phase_deg,10.68,177.775,6.717
phase_deg,10.700000000000001,177.811,6.705
phase_deg,10.72,177.763,6.692
phase_deg,10.74,177.686,6.68
phase_deg,10.76,177.7,6.667
phase_deg,10.78,177.601,6.655
phase_deg,10.8,177.616,6.642
phase_deg,10.82,177.548,6.63
phase_deg,10.84,177.474,6.617
phase_deg,10.86,177.45,6.605
phase_deg,10.88,177.53,6.593
phase_deg,10.9,177.482,6.581
phase_deg,10.92,177.375,6.569
phase_deg,10.94,177.366,6.557
phase_deg,10.96,177.325,6.544
phase_deg,10.98,177.264,6.532
phase_deg,11.0,177.264,6.52
phase_deg,11.02,177.216,6.509
phase_deg,11.040000000000001,177.15,6.497
phase_deg,11.06,177.099,6.485
phase_deg,11.08,177.114,6.473
phase_deg,11.1,177.041,6.461
phase_deg,11.120000000000001,177.064,6.45
phase_deg,11.14,176.993,6.438
phase_deg,11.16,176.967,6.426
phase_deg,11.18,176.974,6.415
phase_deg,11.200000000000001,176.936,6.403
phase_deg,11.22,176.87,6.392
phase_deg,11.24,176.761,6.38
phase_deg,11.26,176.729,6.369
phase_deg,11.28,176.741,6.357
phase_deg,11.3,176.771,6.346
phase_deg,11.32,176.738,6.335
phase_deg,11.34,176.643,6.324
phase_deg,11.36,176.654,6.312
phase_deg,11.38,176.616,6.301
phase_deg,11.4,176.567,6.29
phase_deg,11.42,176.531,6.279
phase_deg,11.44,176.494,6.268
phase_deg,11.46,176.494,6.257
phase_deg,11.48,176.437,6.246
phase_deg,11.5,176.357,6.235
phase_deg,11.52,176.354,6.224
phase_deg,11.540000000000001,176.279,6.213
phase_deg,11.56,176.286,6.202
phase_deg,11.58,176.268,6.191
phase_deg,11.6,176.208,6.181
phase_deg,11.620000000000001,176.162,6.17
phase_deg,11.64,176.146,6.159
phase_deg,11.66,176.173,6.149
phase_deg,11.68,176.097,6.138
phase_deg,11.700000000000001,176.055,6.128
phase_deg,11.72,176.044,6.117
phase_deg,11.74,176.009,6.107
phase_deg,11.76,175.959,6.096
phase_deg,11.78,175.933,6.086
phase_deg,11.8,175.928,6.075
phase_deg,11.82,175.881,6.065
phase_deg,11.84,175.769,6.055
phase_deg,11.86,175.804,6.044
phase_deg,11.88,175.791,6.034
phase_deg,11.9,175.766,6.024
phase_deg,11.92,175.688,6.014
phase_deg,11.94,175.631,6.004
phase_deg,11.96,175.558,5.993
phase_deg,11.98,175.511,5.983
phase_deg,12.0,175.503,5.973
phase_deg,12.02,175.527,5.963
phase_deg,12.040000000000001,175.539,5.953
phase_deg,12.06,175.507,5.943
phase_deg,12.08,175.43,5.934
phase_deg,12.1,175.434,5.924
phase_deg,12.120000000000001,175.415,5.914
phase_deg,12.14,175.373,5.904
phase_deg,12.16,175.349,5.894
phase_deg,12.18,175.256,5.884
phase_deg,12.200000000000001,175.179,5.875
phase_deg,12.22,175.266,5.865
phase_deg,12.24,175.138,5.855
phase_deg,12.26,175.127,5.846
phase_deg,12.280000000000001,175.133,5.836
phase_deg,12.3,175.109,5.827
phase_deg,12.32,175.08,5.817
phase_deg,12.34,175.055,5.808
phase_deg,12.36,174.954,5.798
phase_deg,12.38,174.975,5.789
phase_deg,12.4,174.93,5.779
phase_deg,12.42,174.888,5.77
phase_deg,12.44,174.791,5.761
phase_deg,12.46,174.816,5.751
phase_deg,12.48,174.85,5.742
phase_deg,12.5,174.749,5.733
phase_deg,12.52,174.697,5.724
phase_deg,12.540000000000001,174.677,5.714
phase_deg,12.56,174.662,5.705
phase_deg,12.58,174.632,5.696
phase_deg,12.6,174.615,5.687
phase_deg,12.620000000000001,174.545,5.678
phase_deg,12.64,174.525,5.669
phase_deg,12.66,174.475,5.66
phase_deg,12.68,174.499,5.651
phase_deg,12.700000000000001,174.474,5.642
phase_deg,12.72,174.426,5.633
phase_deg,12.74,174.427,5.624
phase_deg,12.76,174.42,5.615
phase_deg,12.780000000000001,174.296,5.607
phase_deg,12.8,174.272,5.598
phase_deg,12.82,174.238,5.589
phase_deg,12.84,174.211,5.58
phase_deg,12.86,174.179,5.571
phase_deg,12.88,174.112,5.563
phase_deg,12.9,174.121,5.554
phase_deg,12.92,174.064,5.545
phase_deg,12.94,174.058,5.537
phase_deg,12.96,174.04,5.528
phase_deg,12.98,173.988,5.52
phase_deg,13.0,173.989,5.511
phase_deg,13.02,173.933,5.503
phase_deg,13.040000000000001,173.866,5.494
phase_deg,13.06,173.826,5.486
phase_deg,13.08,173.894,5.477
phase_deg,13.1,173.873,5.469
phase_deg,13.120000000000001,173.805,5.46
phase_deg,13.14,173.787,5.452
phase_deg,13.16,173.772,5.444
phase_deg,13.18,173.809,5.435
phase_deg,13.200000000000001,173.792,5.427
phase_deg,13.22,173.655,5.419
phase_deg,13.24,173.639,5.411
phase_deg,13.26,173.633,5.402
phase_deg,13.280000000000001,173.601,5.394
phase_deg,13.3,173.58,5.386
phase_deg,13.32,173.584,5.378
phase_deg,13.34,173.48,5.37
phase_deg,13.36,173.444,5.362
phase_deg,13.38,173.457,5.354
phase_deg,13.4,173.419,5.346
phase_deg,13.42,173.366,5.338
phase_deg,13.44,173.386,5.33
phase_deg,13.46,173.298,5.322
phase_deg,13.48,173.231,5.314
phase_deg,13.5,173.206,5.306
phase_deg,13.52,173.22,5.298
phase_deg,13.540000000000001,173.226,5.29
phase_deg,13.56,173.218,5.282
phase_deg,13.58,173.258,5.274
phase_deg,13.6,173.209,5.267
phase_deg,13.620000000000001,173.091,5.259
phase_deg,13.64,173.031,5.251
phase_deg,13.66,172.975,5.243
phase_deg,13.68,172.93,5.236
phase_deg,13.700000000000001,172.987,5.228
phase_deg,13.72,172.946,5.22
phase_deg,13.74,172.921,5.213
phase_deg,13.76,172.818,5.205
phase_deg,13.780000000000001,172.807,5.198
phase_deg,13.8,172.833,5.19
phase_deg,13.82,172.814,5.182
phase_deg,13.84,172.744,5.175
phase_deg,13.86,172.697,5.167
phase_deg,13.88,172.695,5.16
phase_deg,13.9,172.69,5.152
phase_deg,13.92,172.65,5.145
phase_deg,13.94,172.667,5.138
phase_deg,13.96,172.583,5.13
phase_deg,13.98,172.544,5.123
phase_deg,14.0,172.48,5.115
phase_deg,14.02,172.474,5.108
phase_deg,14.040000000000001,172.464,5.101
phase_deg,14.06,172.492,5.094
phase_deg,14.08,172.502,5.086
phase_deg,14.1,172.392,5.079
phase_deg,14.120000000000001,172.398,5.072
phase_deg,14.14,172.408,5.065
phase_deg,14.16,172.294,5.057
phase_deg,14.18,172.208,5.05
phase_deg,14.200000000000001,172.243,5.043
phase_deg,14.22,172.231,5.036
phase_deg,14.24,172.214,5.029
phase_deg,14.26,172.28,5.022
phase_deg,14.280000000000001,172.16,5.015
phase_deg,14.3,172.148,5.008
phase_deg,14.32,172.1,5.001
phase_deg,14.34,172.049,4.994
phase_deg,14.36,172.037,4.987
phase_deg,14.38,171.976,4.98
phase_deg,14.4,171.986,4.973
phase_deg,14.42,171.977,4.966
phase_deg,14.44,171.921,4.959
phase_deg,14.46,171.877,4.952
phase_deg,14.48,171.843,4.945
phase_deg,14.5,171.84,4.938
phase_deg,14.52,171.826,4.931
phase_deg,14.540000000000001,171.758,4.925
phase_deg,14.56,171.725,4.918
phase_deg,14.58,171.741,4.911
phase_deg,14.6,171.722,4.904
phase_deg,14.620000000000001,171.725,4.898
phase_deg,14.64,171.709,4.891
phase_deg,14.66,171.672,4.884
phase_deg,14.68,171.528,4.877
phase_deg,14.700000000000001,171.558,4.871
phase_deg,14.72,171.571,4.864
phase_deg,14.74,171.517,4.857
phase_deg,14.76,171.508,4.851
phase_deg,14.780000000000001,171.536,4.844
phase_deg,14.8,171.522,4.838
phase_deg,14.82,171.41,4.831
phase_deg,14.84,171.39,4.825
phase_deg,14.86,171.368,4.818
phase_deg,14.88,171.349,4.812
phase_deg,14.9,171.282,4.805
phase_deg,14.92,171.282,4.799
phase_deg,14.94,171.284,4.792
phase_deg,14.96,171.302,4.786
phase_deg,14.98,171.219,4.779
phase_deg,15.0,171.154,4.773
phase_deg,15.02,171.165,4.767
phase_deg,15.040000000000001,171.092,4.76
phase_deg,15.06,171.042,4.754
phase_deg,15.08,171.134,4.748
phase_deg,15.1,171.061,4.741
phase_deg,15.120000000000001,171.056,4.735
phase_deg,15.14,171.033,4.729
phase_deg,15.16,171.014,4.722
phase_deg,15.18,170.982,4.716
phase_deg,15.200000000000001,170.96,4.71
phase_deg,15.22,170.901,4.704
phase_deg,15.24,170.863,4.697
phase_deg,15.26,170.862,4.691
phase_deg,15.280000000000001,170.848,4.685
phase_deg,15.3,170.774,4.679
phase_deg,15.32,170.712,4.673
phase_deg,15.34,170.754,4.667
phase_deg,15.36,170.77,4.661
phase_deg,15.38,170.706,4.655
phase_deg,15.4,170.662,4.648
phase_deg,15.42,170.676,4.642
phase_deg,15.44,170.618,4.636
phase_deg,15.46,170.567,4.63
phase_deg,15.48,170.528,4.624
phase_deg,15.5,170.522,4.618
phase_deg,15.52,170.532,4.612
phase_deg,15.540000000000001,170.516,4.606
phase_deg,15.56,170.407,4.6
phase_deg,15.58,170.424,4.595
phase_deg,15.6,170.478,4.589
phase_deg,15.620000000000001,170.401,4.583
phase_deg,15.64,170.314,4.577
phase_deg,15.66,170.327,4.571
phase_deg,15.68,170.297,4.565
phase_deg,15.700000000000001,170.278,4.559
phase_deg,15.72,170.299,4.553
phase_deg,15.74,170.265,4.548
phase_deg,15.76,170.217,4.542
phase_deg,15.780000000000001,170.202,4.536
phase_deg,15.8,170.155,4.53
phase_deg,15.82,170.202,4.525
phase_deg,15.84,170.144,4.519
phase_deg,15.860000000000001,170.119,4.513
phase_deg,15.88,170.107,4.507
phase_deg,15.9,170.129,4.502
phase_deg,15.92,170.132,4.496
phase_deg,15.94,170.012,4.49
phase_deg,15.96,169.981,4.485
phase_deg,15.98,170.008,4.479
phase_deg,16.0,169.938,4.473
variance_db,0.04,-55.713,
variance_db,0.06,-62.214,
variance_db,0.08,-66.016,
variance_db,0.1,-71.911,
variance_db,0.12,-71.857,
variance_db,0.14,-77.5,
variance_db,0.16,-74.915,
variance_db,0.18,-84.06,
variance_db,0.2,-80.41,
variance_db,0.22,-88.33,
variance_db,0.24,-89.226,
variance_db,0.26,-84.597,
variance_db,0.28,-88.559,
variance_db,0.3,-85.895,
variance_db,0.32,-92.168,
variance_db,0.34,-91.049,
variance_db,0.36,-94.317,
variance_db,0.38,-92.083,
variance_db,0.4,-92.953,
variance_db,0.42,-90.642,
variance_db,0.44,-95.498,
variance_db,0.46,-90.757,
variance_db,0.48,-94.305,
variance_db,0.5,-95.809,
variance_db,0.52,-93.011,
variance_db,0.54,-95.773,
variance_db,0.56,-97.694,
variance_db,0.58,-96.834,
variance_db,0.6,-98.481,
variance_db,0.62,-96.792,
variance_db,0.64,-95.977,
variance_db,0.66,-95.436,
variance_db,0.68,-97.283,
variance_db,0.7000000000000001,-101.486,
variance_db,0.72,-100.538,
variance_db,0.74,-101.303,
variance_db,0.76,-100.732,
variance_db,0.78,-100.137,
variance_db,0.8,-96.961,
variance_db,0.8200000000000001,-99.081,
variance_db,0.84,-106.899,
variance_db,0.86,-106.578,
variance_db,0.88,-103.66,
variance_db,0.9,-102.022,
variance_db,0.92,-101.36,
variance_db,0.9400000000000001,-103.171,
variance_db,0.96,-100.633,
variance_db,0.98,-102.392,
variance_db,1.0,-104.434,
variance_db,1.02,-102.359,
variance_db,1.04,-101.611,
variance_db,1.06,-107.946,
variance_db,1.08,-105.133,
variance_db,1.1,-102.736,
variance_db,1.12,-107.625,
variance_db,1.1400000000000001,-99.342,
variance_db,1.16,-105.704,
variance_db,1.18,-108.642,
variance_db,1.2,-107.345,
variance_db,1.22,-106.657,
variance_db,1.24,-107.0,
variance_db,1.26,-105.642,
variance_db,1.28,-106.262,
variance_db,1.3,-109.712,
variance_db,1.32,-104.137,
variance_db,1.34,-108.431,
variance_db,1.36,-115.974,
variance_db,1.3800000000000001,-114.878,
variance_db,1.4000000000000001,-115.121,
variance_db,1.42,-110.578,
variance_db,1.44,-109.174,
variance_db,1.46,-112.827,
variance_db,1.48,-104.447,
variance_db,1.5,-119.399,
variance_db,1.52,-112.81,
variance_db,1.54,-112.689,
variance_db,1.56,-109.384,
variance_db,1.58,-111.129,
variance_db,1.6,-121.059,
variance_db,1.62,-112.789,
variance_db,1.6400000000000001,-111.771,
variance_db,1.6600000000000001,-117.157,
variance_db,1.68,-111.294,
variance_db,1.7,-116.664,
variance_db,1.72,-117.847,
variance_db,1.74,-120.158,
variance_db,1.76,-113.582,
variance_db,1.78,-115.75,
variance_db,1.8,-120.066,
variance_db,1.82,-117.191,
variance_db,1.84,-116.554,
variance_db,1.86,-116.842,
variance_db,1.8800000000000001,-112.388,
variance_db,1.9000000000000001,-117.323,
variance_db,1.92,-113.887,
variance_db,1.94,-114.083,
variance_db,1.96,-121.216,
variance_db,1.98,-114.842,
variance_db,2.0,-118.711,
variance_db,2.02,-115.285,
variance_db,2.04,-122.716,
variance_db,2.06,-114.475,
variance_db,2.08,-116.433,
variance_db,2.1,-118.48,
variance_db,2.12,-120.131,
variance_db,2.14,-118.35,
variance_db,2.16,-113.859,
variance_db,2.18,-119.751,
variance_db,2.2,-119.501,
variance_db,2.22,-117.538,
variance_db,2.24,-120.449,
variance_db,2.2600000000000002,-122.653,
variance_db,2.2800000000000002,-120.308,
variance_db,2.3000000000000003,-119.523,
variance_db,2.32,-119.589,
variance_db,2.34,-121.57,
variance_db,2.36,-122.927,
variance_db,2.38,-119.93,
variance_db,2.4,-120.565,
variance_db,2.42,-121.617,
variance_db,2.44,-124.963,
variance_db,2.46,-116.989,
variance_db,2.48,-121.975,
variance_db,2.5,-116.205,
variance_db,2.52,-122.376,
variance_db,2.54,-117.969,
variance_db,2.56,-122.781,
variance_db,2.58,-125.519,
variance_db,2.6,-124.937,
variance_db,2.62,-118.69,
variance_db,2.64,-120.762,
variance_db,2.66,-119.918,
variance_db,2.68,-119.67,
variance_db,2.7,-121.411,
variance_db,2.72,-124.016,
variance_db,2.74,-123.316,
variance_db,2.7600000000000002,-123.149,
variance_db,2.7800000000000002,-126.219,
variance_db,2.8000000000000003,-118.92,
variance_db,2.82,-124.674,
variance_db,2.84,-125.409,
variance_db,2.86,-120.573,
variance_db,2.88,-119.72,
variance_db,2.9,-122.979,
variance_db,2.92,-122.646,
variance_db,2.94,-120.518,
variance_db,2.96,-126.635,
variance_db,2.98,-121.711,
variance_db,3.0,-122.534,
variance_db,3.02,-125.259,
variance_db,3.04,-124.972,
variance_db,3.06,-123.486,
variance_db,3.08,-124.185,
variance_db,3.1,-124.377,
variance_db,3.12,-124.553,
variance_db,3.14,-123.619,
variance_db,3.16,-124.418,
variance_db,3.18,-121.763,
variance_db,3.2,-120.191,
variance_db,3.22,-122.086,
variance_db,3.24,-122.015,
variance_db,3.2600000000000002,-124.308,
variance_db,3.2800000000000002,-124.35,
variance_db,3.3000000000000003,-122.968,
variance_db,3.3200000000000003,-125.219,
variance_db,3.34,-122.082,
variance_db,3.36,-120.734,
variance_db,3.38,-124.096,
variance_db,3.4,-128.836,
variance_db,3.42,-125.815,
variance_db,3.44,-124.354,
variance_db,3.46,-127.43,
variance_db,3.48,-124.213,
variance_db,3.5,-126.699,
variance_db,3.52,-125.465,
variance_db,3.54,-123.716,
variance_db,3.56,-129.228,
variance_db,3.58,-124.774,
variance_db,3.6,-128.581,
variance_db,3.62,-126.173,
variance_db,3.64,-121.451,
variance_db,3.66,-124.888,
variance_db,3.68,-130.999,
variance_db,3.7,-126.416,
variance_db,3.72,-124.261,
variance_db,3.74,-124.573,
variance_db,3.7600000000000002,-125.786,
variance_db,3.7800000000000002,-125.0,
variance_db,3.8000000000000003,-125.046,
variance_db,3.8200000000000003,-122.81,
variance_db,3.84,-127.596,
variance_db,3.86,-127.757,
variance_db,3.88,-130.93,
variance_db,3.9,-129.774,
variance_db,3.92,-127.215,
variance_db,3.94,-122.956,
variance_db,3.96,-125.72,
variance_db,3.98,-130.917,
variance_db,4.0,-125.718,
variance_db,4.0200000000000005,-127.225,
variance_db,4.04,-124.117,
variance_db,4.0600000000000005,-119.933,
variance_db,4.08,-130.845,
variance_db,4.1,-128.474,
variance_db,4.12,-125.646,
variance_db,4.14,-129.096,
variance_db,4.16,-130.316,
variance_db,4.18,-131.047,
variance_db,4.2,-130.661,
variance_db,4.22,-127.052,
variance_db,4.24,-133.501,
variance_db,4.26,-127.945,
variance_db,4.28,-124.057,
variance_db,4.3,-126.544,
variance_db,4.32,-125.685,
variance_db,4.34,-125.401,
variance_db,4.36,-124.623,
variance_db,4.38,-121.374,
variance_db,4.4,-124.838,
variance_db,4.42,-126.946,
variance_db,4.44,-123.644,
variance_db,4.46,-126.07,
variance_db,4.48,-123.256,
variance_db,4.5,-123.107,
variance_db,4.5200000000000005,-130.607,
variance_db,4.54,-130.888,
variance_db,4.5600000000000005,-128.909,
variance_db,4.58,-124.074,
variance_db,4.6000000000000005,-127.111,
variance_db,4.62,-127.808,
variance_db,4.64,-131.034,
variance_db,4.66,-128.292,
variance_db,4.68,-134.582,
variance_db,4.7,-133.308,
variance_db,4.72,-126.405,
variance_db,4.74,-133.655,
variance_db,4.76,-127.633,
variance_db,4.78,-125.912,
variance_db,4.8,-127.884,
variance_db,4.82,-126.371,
variance_db,4.84,-123.468,
variance_db,4.86,-126.783,
variance_db,4.88,-134.468,
variance_db,4.9,-132.644,
variance_db,4.92,-127.636,
variance_db,4.94,-127.401,
variance_db,4.96,-124.761,
variance_db,4.98,-125.072,
variance_db,5.0,-129.73,
variance_db,5.0200000000000005,-127.82,
variance_db,5.04,-127.74,
variance_db,5.0600000000000005,-131.499,
variance_db,5.08,-128.36,
variance_db,5.1000000000000005,-124.524,
variance_db,5.12,-130.629,
variance_db,5.14,-128.04,
variance_db,5.16,-127.872,
variance_db,5.18,-131.012,
variance_db,5.2,-129.428,
variance_db,5.22,-122.312,
variance_db,5.24,-131.535,
variance_db,5.26,-129.625,
variance_db,5.28,-126.983,
variance_db,5.3,-133.686,
variance_db,5.32,-130.353,
variance_db,5.34,-130.999,
variance_db,5.36,-127.621,
variance_db,5.38,-130.352,
variance_db,5.4,-128.717,
variance_db,5.42,-128.936,
variance_db,5.44,-127.941,
variance_db,5.46,-124.497,
variance_db,5.48,-126.312,
variance_db,5.5,-132.989,
variance_db,5.5200000000000005,-130.787,
variance_db,5.54,-125.797,
variance_db,5.5600000000000005,-126.656,
variance_db,5.58,-131.11,
variance_db,5.6000000000000005,-126.534,
variance_db,5.62,-129.529,
variance_db,5.64,-127.706,
variance_db,5.66,-129.327,
variance_db,5.68,-125.764,
variance_db,5.7,-122.313,
variance_db,5.72,-132.174,
variance_db,5.74,-129.25,
variance_db,5.76,-130.943,
variance_db,5.78,-131.04,
variance_db,5.8,-127.292,
variance_db,5.82,-125.486,
variance_db,5.84,-126.651,
variance_db,5.86,-128.4,
variance_db,5.88,-130.01,
variance_db,5.9,-128.209,
variance_db,5.92,-133.386,
variance_db,5.94,-131.104,
variance_db,5.96,-126.724,
variance_db,5.98,-128.518,
variance_db,6.0,-127.14,
variance_db,6.0200000000000005,-129.525,
variance_db,6.04,-132.244,
variance_db,6.0600000000000005,-128.922,
variance_db,6.08,-130.035,
variance_db,6.1000000000000005,-128.108,
variance_db,6.12,-127.606,
variance_db,6.140000000000001,-128.066,
variance_db,6.16,-128.888,
variance_db,6.18,-132.454,
variance_db,6.2,-132.467,
variance_db,6.22,-132.121,
variance_db,6.24,-127.549,
variance_db,6.26,-125.111,
variance_db,6.28,-130.636,
variance_db,6.3,-129.231,
variance_db,6.32,-127.39,
variance_db,6.34,-129.243,
variance_db,6.36,-127.941,
variance_db,6.38,-126.976,
variance_db,6.4,-131.467,
variance_db,6.42,-130.244,
variance_db,6.44,-131.976,
variance_db,6.46,-130.035,
variance_db,6.48,-130.454,
variance_db,6.5,-126.727,
variance_db,6.5200000000000005,-125.711,
variance_db,6.54,-124.066,
variance_db,6.5600000000000005,-125.71,
variance_db,6.58,-126.273,
variance_db,6.6000000000000005,-126.523,
variance_db,6.62,-127.204,
variance_db,6.640000000000001,-128.81,
variance_db,6.66,-130.733,
variance_db,6.68,-130.652,
variance_db,6.7,-128.616,
variance_db,6.72,-127.203,
variance_db,6.74,-131.373,
variance_db,6.76,-130.536,
variance_db,6.78,-126.966,
variance_db,6.8,-126.059,
variance_db,6.82,-127.818,
variance_db,6.84,-130.446,
variance_db,6.86,-127.232,
variance_db,6.88,-128.214,
variance_db,6.9,-127.704,
variance_db,6.92,-128.244,
variance_db,6.94,-128.923,
variance_db,6.96,-128.343,
variance_db,6.98,-129.536,
variance_db,7.0,-127.626,
variance_db,7.0200000000000005,-128.414,
variance_db,7.04,-131.186,
variance_db,7.0600000000000005,-122.718,
variance_db,7.08,-123.71,
variance_db,7.1000000000000005,-125.778,
variance_db,7.12,-129.414,
variance_db,7.140000000000001,-130.861,
variance_db,7.16,-127.463,
variance_db,7.18,-131.781,
variance_db,7.2,-134.211,
variance_db,7.22,-126.267,
variance_db,7.24,-129.691,
variance_db,7.26,-129.712,
variance_db,7.28,-127.414,
variance_db,7.3,-130.023,
variance_db,7.32,-128.012,
variance_db,7.34,-129.123,
variance_db,7.36,-129.868,
variance_db,7.38,-126.901,
variance_db,7.4,-129.593,
variance_db,7.42,-129.453,
variance_db,7.44,-126.193,
variance_db,7.46,-130.931,
variance_db,7.48,-129.933,
variance_db,7.5,-126.498,
variance_db,7.5200000000000005,-125.763,
variance_db,7.54,-126.512,
variance_db,7.5600000000000005,-129.496,
variance_db,7.58,-126.817,
variance_db,7.6000000000000005,-129.215,
variance_db,7.62,-127.834,
variance_db,7.640000000000001,-129.217,
variance_db,7.66,-129.606,
variance_db,7.68,-130.57,
variance_db,7.7,-127.822,
variance_db,7.72,-126.876,
variance_db,7.74,-127.354,
variance_db,7.76,-124.392,
variance_db,7.78,-131.301,
variance_db,7.8,-130.022,
variance_db,7.82,-129.99,
variance_db,7.84,-129.549,
variance_db,7.86,-130.366,
variance_db,7.88,-129.951,
variance_db,7.9,-131.996,
variance_db,7.92,-124.503,
variance_db,7.94,-127.301,
variance_db,7.96,-129.53,
variance_db,7.98,-128.846,
variance_db,8.0,-130.933,
variance_db,8.02,-130.048,
variance_db,8.040000000000001,-125.017,
variance_db,8.06,-125.868,
variance_db,8.08,-127.041,
variance_db,8.1,-127.294,
variance_db,8.120000000000001,-125.592,
variance_db,8.14,-129.521,
variance_db,8.16,-126.391,
variance_db,8.18,-129.651,
variance_db,8.2,-127.103,
variance_db,8.22,-127.778,
variance_db,8.24,-126.269,
variance_db,8.26,-125.134,
variance_db,8.28,-128.623,
variance_db,8.3,-132.411,
variance_db,8.32,-132.219,
variance_db,8.34,-132.573,
variance_db,8.36,-133.971,
variance_db,8.38,-134.155,
variance_db,8.4,-127.407,
variance_db,8.42,-129.566,
variance_db,8.44,-131.655,
variance_db,8.46,-130.691,
variance_db,8.48,-129.914,
variance_db,8.5,-131.795,
variance_db,8.52,-129.788,
variance_db,8.540000000000001,-128.739,
variance_db,8.56,-129.298,
variance_db,8.58,-133.453,
variance_db,8.6,-128.867,
variance_db,8.620000000000001,-129.544,
variance_db,8.64,-130.352,
variance_db,8.66,-128.217,
variance_db,8.68,-128.963,
variance_db,8.700000000000001,-131.116,
variance_db,8.72,-130.77,
variance_db,8.74,-130.946,
variance_db,8.76,-127.447,
variance_db,8.78,-129.187,
variance_db,8.8,-128.012,
variance_db,8.82,-129.049,
variance_db,8.84,-132.876,
variance_db,8.86,-129.971,
variance_db,8.88,-131.132,
variance_db,8.9,-129.819,
variance_db,8.92,-126.032,
variance_db,8.94,-127.537,
variance_db,8.96,-129.273,
variance_db,8.98,-132.232,
variance_db,9.0,-127.02,
variance_db,9.02,-131.207,
variance_db,9.040000000000001,-130.318,
variance_db,9.06,-134.806,
variance_db,9.08,-131.312,
variance_db,9.1,-130.967,
variance_db,9.120000000000001,-131.374,
variance_db,9.14,-132.423,
variance_db,9.16,-126.778,
variance_db,9.18,-129.678,
variance_db,9.200000000000001,-127.072,
variance_db,9.22,-127.928,
variance_db,9.24,-128.827,
variance_db,9.26,-127.696,
variance_db,9.28,-124.941,
variance_db,9.3,-124.943,
variance_db,9.32,-129.87,
variance_db,9.34,-129.417,
variance_db,9.36,-124.931,
variance_db,9.38,-126.29,
variance_db,9.4,-132.373,
variance_db,9.42,-130.196,
variance_db,9.44,-128.524,
variance_db,9.46,-126.969,
variance_db,9.48,-129.47,
variance_db,9.5,-126.603,
variance_db,9.52,-127.056,
variance_db,9.540000000000001,-126.601,
variance_db,9.56,-126.754,
variance_db,9.58,-125.813,
variance_db,9.6,-130.571,
variance_db,9.620000000000001,-129.647,
variance_db,9.64,-130.095,
variance_db,9.66,-128.583,
variance_db,9.68,-126.134,
variance_db,9.700000000000001,-127.676,
variance_db,9.72,-126.689,
variance_db,9.74,-130.131,
variance_db,9.76,-132.134,
variance_db,9.78,-129.613,
variance_db,9.8,-135.564,
variance_db,9.82,-133.905,
variance_db,9.84,-126.149,
variance_db,9.86,-127.871,
variance_db,9.88,-128.579,
variance_db,9.9,-128.957,
variance_db,9.92,-132.672,
variance_db,9.94,-134.113,
variance_db,9.96,-131.488,
variance_db,9.98,-125.013,
variance_db,10.0,-128.988,
variance_db,10.02,-127.125,
variance_db,10.040000000000001,-127.51,
variance_db,10.06,-127.425,
variance_db,10.08,-128.574,
variance_db,10.1,-126.956,
variance_db,10.120000000000001,-129.65,
variance_db,10.14,-129.826,
variance_db,10.16,-131.823,
variance_db,10.18,-128.167,
variance_db,10.200000000000001,-127.712,
variance_db,10.22,-124.308,
variance_db,10.24,-128.344,
variance_db,10.26,-126.969,
variance_db,10.28,-126.295,
variance_db,10.3,-129.832,
variance_db,10.32,-129.863,
variance_db,10.34,-130.16,
variance_db,10.36,-132.872,
variance_db,10.38,-129.124,
variance_db,10.4,-130.96,
variance_db,10.42,-129.476,
variance_db,10.44,-125.595,
variance_db,10.46,-130.286,
variance_db,10.48,-134.288,
variance_db,10.5,-130.177,
variance_db,10.52,-130.982,
variance_db,10.540000000000001,-128.532,
variance_db,10.56,-130.464,
variance_db,10.58,-126.628,
variance_db,10.6,-125.217,
variance_db,10.620000000000001,-127.584,
variance_db,10.64,-125.736,
variance_db,10.66,-126.29,
variance_db,10.68,-131.425,
variance_db,10.700000000000001,-130.738,
variance_db,10.72,-126.268,
variance_db,10.74,-127.225,
variance_db,10.76,-126.23,
variance_db,10.78,-126.412,
variance_db,10.8,-131.682,
variance_db,10.82,-129.738,
variance_db,10.84,-127.451,
variance_db,10.86,-131.995,
variance_db,10.88,-129.572,
variance_db,10.9,-130.155,
variance_db,10.92,-131.135,
variance_db,10.94,-130.391,
variance_db,10.96,-126.208,
variance_db,10.98,-129.182,
variance_db,11.0,-129.652,
variance_db,11.02,-130.002,
variance_db,11.040000000000001,-129.561,
variance_db,11.06,-131.096,
variance_db,11.08,-127.651,
variance_db,11.1,-127.619,
variance_db,11.120000000000001,-132.718,
variance_db,11.14,-128.193,
variance_db,11.16,-128.411,
variance_db,11.18,-127.46,
variance_db,11.200000000000001,-125.969,
variance_db,11.22,-128.622,
variance_db,11.24,-124.985,
variance_db,11.26,-129.549,
variance_db,11.28,-129.233,
variance_db,11.3,-125.378,
variance_db,11.32,-122.171,
variance_db,11.34,-128.205,
variance_db,11.36,-131.149,
variance_db,11.38,-128.616,
variance_db,11.4,-128.222,
variance_db,11.42,-133.257,
variance_db,11.44,-136.541,
variance_db,11.46,-131.453,
variance_db,11.48,-124.697,
variance_db,11.5,-125.697,
variance_db,11.52,-131.564,
variance_db,11.540000000000001,-133.779,
variance_db,11.56,-126.889,
variance_db,11.58,-130.09,
variance_db,11.6,-133.663,
variance_db,11.620000000000001,-130.802,
variance_db,11.64,-130.179,
variance_db,11.66,-130.173,
variance_db,11.68,-129.25,
variance_db,11.700000000000001,-131.823,
variance_db,11.72,-131.625,
variance_db,11.74,-130.466,
variance_db,11.76,-128.717,
variance_db,11.78,-130.409,
variance_db,11.8,-128.981,
variance_db,11.82,-127.579,
variance_db,11.84,-132.082,
variance_db,11.86,-128.263,
variance_db,11.88,-132.84,
variance_db,11.9,-131.685,
variance_db,11.92,-127.138,
variance_db,11.94,-122.831,
variance_db,11.96,-124.301,
variance_db,11.98,-129.822,
variance_db,12.0,-131.882,
variance_db,12.02,-126.426,
variance_db,12.040000000000001,-126.457,
variance_db,12.06,-130.93,
variance_db,12.08,-127.643,
variance_db,12.1,-129.034,
variance_db,12.120000000000001,-126.895,
variance_db,12.14,-126.682,
variance_db,12.16,-130.45,
variance_db,12.18,-131.122,
variance_db,12.200000000000001,-129.772,
variance_db,12.22,-126.724,
variance_db,12.24,-125.572,
variance_db,12.26,-125.171,
variance_db,12.280000000000001,-127.246,
variance_db,12.3,-128.829,
variance_db,12.32,-131.517,
variance_db,12.34,-129.522,
variance_db,12.36,-128.277,
variance_db,12.38,-136.6,
variance_db,12.4,-134.797,
variance_db,12.42,-130.882,
variance_db,12.44,-129.553,
variance_db,12.46,-125.97,
variance_db,12.48,-127.169,
variance_db,12.5,-126.723,
variance_db,12.52,-128.559,
variance_db,12.540000000000001,-128.625,
variance_db,12.56,-129.848,
variance_db,12.58,-132.072,
variance_db,12.6,-133.597,
variance_db,12.620000000000001,-131.334,
variance_db,12.64,-128.165,
variance_db,12.66,-128.313,
variance_db,12.68,-129.317,
variance_db,12.700000000000001,-131.66,
variance_db,12.72,-133.009,
variance_db,12.74,-132.606,
variance_db,12.76,-127.039,
variance_db,12.780000000000001,-131.647,
variance_db,12.8,-130.563,
variance_db,12.82,-131.571,
variance_db,12.84,-130.686,
variance_db,12.86,-126.746,
variance_db,12.88,-126.459,
variance_db,12.9,-128.655,
variance_db,12.92,-130.404,
variance_db,12.94,-129.726,
variance_db,12.96,-126.815,
variance_db,12.98,-131.545,
variance_db,13.0,-129.177,
variance_db,13.02,-128.089,
variance_db,13.040000000000001,-131.598,
variance_db,13.06,-130.19,
variance_db,13.08,-130.171,
variance_db,13.1,-129.16,
variance_db,13.120000000000001,-125.028,
variance_db,13.14,-129.698,
variance_db,13.16,-130.209,
variance_db,13.18,-130.36,
variance_db,13.200000000000001,-124.011,
variance_db,13.22,-123.351,
variance_db,13.24,-127.687,
variance_db,13.26,-133.174,
variance_db,13.280000000000001,-135.093,
variance_db,13.3,-133.119,
variance_db,13.32,-128.022,
variance_db,13.34,-125.392,
variance_db,13.36,-128.449,
variance_db,13.38,-128.439,
variance_db,13.4,-127.088,
variance_db,13.42,-129.289,
variance_db,13.44,-131.488,
variance_db,13.46,-132.417,
variance_db,13.48,-130.124,
variance_db,13.5,-128.078,
variance_db,13.52,-127.352,
variance_db,13.540000000000001,-129.655,
variance_db,13.56,-126.105,
variance_db,13.58,-122.244,
variance_db,13.6,-124.844,
variance_db,13.620000000000001,-127.319,
variance_db,13.64,-127.37,
variance_db,13.66,-129.463,
variance_db,13.68,-131.125,
variance_db,13.700000000000001,-125.716,
variance_db,13.72,-128.556,
variance_db,13.74,-130.236,
variance_db,13.76,-128.565,
variance_db,13.780000000000001,-133.063,
variance_db,13.8,-135.68,
variance_db,13.82,-128.744,
variance_db,13.84,-128.982,
variance_db,13.86,-128.284,
variance_db,13.88,-124.216,
variance_db,13.9,-128.224,
variance_db,13.92,-129.115,
variance_db,13.94,-127.758,
variance_db,13.96,-127.948,
variance_db,13.98,-129.75,
variance_db,14.0,-128.502,
variance_db,14.02,-122.744,
variance_db,14.040000000000001,-127.879,
variance_db,14.06,-128.77,
variance_db,14.08,-124.196,
variance_db,14.1,-127.255,
variance_db,14.120000000000001,-127.34,
variance_db,14.14,-127.748,
variance_db,14.16,-129.329,
variance_db,14.18,-122.777,
variance_db,14.200000000000001,-126.65,
variance_db,14.22,-132.295,
variance_db,14.24,-128.302,
variance_db,14.26,-124.765,
variance_db,14.280000000000001,-128.365,
variance_db,14.3,-129.692,
variance_db,14.32,-128.127,
variance_db,14.34,-123.584,
variance_db,14.36,-128.843,
variance_db,14.38,-128.715,
variance_db,14.4,-124.145,
variance_db,14.42,-130.394,
variance_db,14.44,-130.408,
variance_db,14.46,-128.944,
variance_db,14.48,-128.989,
variance_db,14.5,-130.695,
variance_db,14.52,-126.289,
variance_db,14.540000000000001,-130.758,
variance_db,14.56,-132.15,
variance_db,14.58,-128.93,
variance_db,14.6,-131.986,
variance_db,14.620000000000001,-130.921,
variance_db,14.64,-130.064,
variance_db,14.66,-131.898,
variance_db,14.68,-128.076,
variance_db,14.700000000000001,-132.926,
variance_db,14.72,-135.192,
variance_db,14.74,-132.327,
variance_db,14.76,-127.064,
variance_db,14.780000000000001,-126.268,
variance_db,14.8,-126.059,
variance_db,14.82,-129.459,
variance_db,14.84,-130.771,
variance_db,14.86,-129.102,
variance_db,14.88,-129.964,
variance_db,14.9,-126.664,
variance_db,14.92,-131.38,
variance_db,14.94,-134.992,
variance_db,14.96,-131.264,
variance_db,14.98,-130.947,
variance_db,15.0,-128.313,
variance_db,15.02,-128.913,
variance_db,15.040000000000001,-125.123,
variance_db,15.06,-125.202,
variance_db,15.08,-125.173,
variance_db,15.1,-132.152,
variance_db,15.120000000000001,-128.472,
variance_db,15.14,-125.249,
variance_db,15.16,-125.462,
variance_db,15.18,-125.636,
variance_db,15.200000000000001,-124.272,
variance_db,15.22,-126.36,
variance_db,15.24,-129.917,
variance_db,15.26,-132.901,
variance_db,15.280000000000001,-129.64,
variance_db,15.3,-124.83,
variance_db,15.32,-127.953,
variance_db,15.34,-127.444,
variance_db,15.36,-127.592,
variance_db,15.38,-125.71,
variance_db,15.4,-126.852,
variance_db,15.42,-127.189,
variance_db,15.44,-127.664,
variance_db,15.46,-128.025,
variance_db,15.48,-126.951,
variance_db,15.5,-128.349,
variance_db,15.52,-129.769,
variance_db,15.540000000000001,-128.423,
variance_db,15.56,-131.397,
variance_db,15.58,-131.116,
variance_db,15.6,-129.168,
variance_db,15.620000000000001,-128.879,
variance_db,15.64,-124.725,
variance_db,15.66,-124.18,
variance_db,15.68,-130.048,
variance_db,15.700000000000001,-127.813,
variance_db,15.72,-132.415,
variance_db,15.74,-132.859,
variance_db,15.76,-126.411,
variance_db,15.780000000000001,-127.734,
variance_db,15.8,-130.575,
variance_db,15.82,-130.24,
variance_db,15.84,-126.296,
variance_db,15.860000000000001,-127.68,
variance_db,15.88,-127.603,
variance_db,15.9,-128.455,
variance_db,15.92,-127.545,
variance_db,15.94,-128.75,
variance_db,15.96,-128.698,
variance_db,15.98,-125.594,
variance_db,16.0,-130.151,
