test name,start,ncalib
Indoor_1,2019-04-12 00:43,0.003752
Indoor_2,2019-04-15 00:32,0.003726
Indoor_3,2019-04-16 19:18,0.003793
Indoor_4,2019-04-17 21:47,0.003787
Indoor_5,2019-04-18 01:35,0.003749
Indoor_6,2019-04-28 22:18,0.003771
Indoor_7,2019-04-29 01:25,0.003788
Indoor_8,2019-05-01 01:19,0.003793
Indoor_9,2019-05-05 19:12,0.003762
Indoor_10,2019-05-06 01:11,0.003781
Indoor_11,2019-05-07 01:21,0.003750
Indoor_12,2019-04-14 22:41,0.003741
Indoor_13,2019-04-15 19:33,0.003783
Indoor_14,2019-04-16 02:49,0.003754
Indoor_15,2019-04-16 22:00,0.003773
Indoor_16,2019-04-28 20:37,0.003801
Indoor_17,2019-04-29 20:50,0.003761
Indoor_18,2019-05-06 19:16,0.003776
Indoor_19,2019-05-06 23:16,0.003795
Indoor_20,2019-05-07 00:48,0.003780
Indoor_21,2019-05-07 19:12,0.003740
Indoor_22,2019-05-07 20:55,0.003756
Indoor_23,2019-05-08 01:31,0.003776
Indoor_24,2019-05-08 19:16,0.003793
Indoor_25,2019-05-08 20:44,0.003773
Indoor_26,2019-05-08 22:13,0.003763
Indoor_27,2019-05-09 01:15,0.003755
Indoor_28,2019-05-09 19:12,0.003756
Indoor_29,2019-05-10 01:05,0.003788
Indoor_30,2019-05-12 20:15,0.003752
Indoor_32,2019-05-14 19:20,0.003749
Indoor_35,2019-05-16 21:12,0.003754
Indoor_36,2019-05-20 19:22,0.003803
Indoor_37,2019-05-20 21:10,0.003778
Indoor_38,2019-05-21 20:38,0.003794
Indoor_39,2019-05-22 00:37,0.003757
Indoor_40,2019-05-22 01:52,0.003747
Indoor_41,2019-05-22 19:22,0.003766
Indoor_42,2019-05-23 01:28,0.003801
Indoor_43,2019-05-23 19:21,0.003775
Indoor_44,2019-05-24 00:55,0.003802
Indoor_45,2019-05-26 21:40,0.003761
Indoor_46,2019-05-27 02:32,0.003745
Indoor_47,2019-05-27 19:17,0.003783
Indoor_48,2019-05-29 19:20,0.003804
Indoor_49,2019-06-02 20:39,0.003785
Indoor_50,2019-06-03 01:33,0.003748
Indoor_51,2019-06-05 21:17,0.003769
Indoor_52,2019-06-06 19:15,0.003733
Indoor_53,2019-06-24 20:51,0.003791
Indoor_54,2019-06-25 02:18,0.003757
Outdoor_1,2019-08-16 02:46,0.003695
Outdoor_2,2019-08-18 20:37,0.003638
Outdoor_3,2019-08-19 00:26,0.003775
Outdoor_4,2019-08-21 02:55,0.003725
Outdoor_5,2019-08-25 20:31,0.003749
Outdoor_6,2019-08-26 19:12,0.003677
Outdoor_7,2019-09-17 19:10,0.003631
Outdoor_8,2019-09-18 19:15,0.003608
Outdoor_9,2019-09-19 19:10,0.003686
Outdoor_10,2019-09-22 19:14,0.003662
